ZONA;PROMOT.;A_TOTAL_(m2);P_TOTAL_(m);A_SALON;P_SALON;A_COCINA;P_COCINA;A_BAÑO1;P_BAÑO1;A_BAÑO2;P_BAÑO2;A_BAÑO3;P_BAÑO3;A_BAÑO4;P_BAÑO4;A_ASEO;P_ASEO;A_DORM1;P_DORM1;A_DORM2;P_DORM2;A_DORM3;P_DORM3;A_DORM4;P_DORM4;A_DORM5;P_DORM5;A_DORM6;P_DORM6;A_ENTRADA;P_ENTRADA;A_PASILLO;P_PASILLO;A_LAVADERO;P_LAVADERO;A_TERRAZA;P_TERRAZA
Madrid;El Pinar Caleruega - Proceparsa;26.09;388.672;17.808;2.386.272;4.452;596.568;3.83;90.388;;;;;;;;;;;;;;;;;;;;;;;;;;;;
;;29.8;49.247;9.44;126.496;2.36;31.624;5.4;12.744;;;;;;;;;9.9;13.266;;;;;;;;;;;2.7;7.425;;;;;;
;;31.8;452.232;12.96;173.664;3.24;43.416;2.56;60.416;;;;;;;;;13.04;174.736;;;;;;;;;;;;;;;;;;
Málaga;Suite Mijas;32.58;467.478;14.664;1.964.976;3.666;491.244;3.03;71.508;;;;;;;;;11.22;150.348;;;;;;;;;;;;;;;;;5.24;3.144
Albacete;Santa Quiteria;33.45;479.544;16.192;2.169.728;4.048;542.432;3.07;72.452;;;;;;;;;10.14;135.876;;;;;;;;;;;;;;;;;;
Albacete;Santa Quiteria;34;489.056;16.36;219.224;4.09;54.806;3.28;77.408;;;;;;;;;10.27;137.618;;;;;;;;;;;;;;;;;1.85;1.11
Madrid;Gilmar El Retiro;34.9;34.9;20.52;274.968;5.13;68.742;4.25;10.03;;;;;;;;;;;;;;;;;;;;;;;5;13.75;;;;
;;35;55.516;13.68;183.312;3.42;45.828;4.3;10.148;;;;;;;;;10.6;14.204;;;;;;;;;;;3;8.25;;;;;;
;;37.1;58.66;16.4;21.976;4.1;5.494;3.7;8.732;;;;;;;;;8.9;11.926;;;;;;;;;;;;;2.8;7.7;1.2;2.832;;
Valladolid;Resid. Castilla;37.4;54.4;17.84;239.056;4.46;59.764;4.2;9.912;;;;;;;;;10.9;14.606;;;;;;;;;;;;;;;;;20.25;12.15
;;38.7;59.526;10.08;135.072;2.52;33.768;4.2;9.912;;;;;;;;;11.1;14.874;8.4;11.256;;;;;;;;;;;2.4;6.6;;;;
Madrid;Mesena - Metrovacesa ;39.6;57.246;19.12;256.208;4.78;64.052;4.1;9.676;;;;;;;;;11.6;15.544;;;;;;;;;;;;;;;;;12.3;7.38
;;39.68;568.432;15.68;210.112;3.92;52.528;3.6;8.496;;;;;;;;;8.88;118.992;7.6;10.184;;;;;;;;;;;;;;;;
;;40.64;590.476;19.28;258.352;4.82;64.588;4.5;10.62;;;;;;;;;12.04;161.336;;;;;;;;;;;;;;;;;;
Barcelona;Marcelona Montjuit - Culmia;40.82;65.851;16.176;2.167.584;4.044;541.896;4.16;98.176;;;;;;;;;11.54;154.636;;;;;;;;;;;4.9;13.475;;;;;11.84;7.104
Mallorca;Aire de Llevant - Metrovacesa;42.9;61.566;20.72;277.648;5.18;69.412;4;9.44;;;;;;;;;13;17.42;;;;;;;;;;;;;;;;;5.9;3.54
Sevilla;Jardines de Oriente ;43.1;66.433;15.5;20.77;7.7;10.318;4.5;10.62;;;;;;;;;12.5;16.75;;;;;;;;;;;;;2.9;7.975;;;;
Barcelona;Les Masies - Realia;44;72.043;17.68;236.912;4.42;59.228;4.5;10.62;;;;;;;;;11.1;14.874;;;;;;;;;;;3.2;8.8;2.1;5.775;1;2.36;;
;Pino Montano ;44.7;69.735;16.2;21.708;7.15;9.581;3.7;8.732;;;;;;;;;13.35;17.889;;;;;;;;;;;4.3;11.825;;;;;;
;;44.75;645.856;21.288;2.852.592;5.322;713.148;4.53;106.908;;;;;;;;;13.61;182.374;;;;;;;;;;;;;;;;;;
Sevilla;Macarena 40 / Aniceto;45.97;708.656;18.26;244.684;7.86;105.324;4.55;10.738;;;;;;;;;12.02;161.068;;;;;;;;;;;3.28;9.02;;;;;;
Madrid;Gilmar El Retiro;46.7;745.495;15.52;207.968;3.88;51.992;3.65;8.614;;;;;;;;;10.15;13.601;7.65;10.251;;;;;;;;;2.8;7.7;3.05;83.875;;;18;10.8
Pamplona;Abaigar Izarra Plaza;47.02;705.752;20.4;27.336;5.1;6.834;4.13;97.468;;;;;;;;;15.01;201.134;;;;;;;;;;;2.38;6.545;;;;;39.65;23.79
Sevilla;Pino Montano Emvisesa;47.65;77.714;18;24.12;7.8;10.452;3.5;8.26;;;;;;;;;11.05;14.807;;;;;;;;;;;3.85;105.875;3.45;94.875;;;;
Segovia;Construmad;48.26;682.384;21.336;2.859.024;5.334;714.756;3.5;8.26;;;;;;;;;18.09;242.406;;;;;;;;;;;;;;;;;;
;;49.56;740.184;17.9;23.986;6.4;8.576;3;7.08;2.8;6.608;;;;;;;9.86;132.124;8.4;11.256;;;;;;;;;;;1.2;3.3;;;;
Sevilla;Coca Cola;49.6;782.765;16.05;21.507;7.15;9.581;4.6;10.856;;;;;;;;;10.45;14.003;6.3;8.442;;;;;;;;;2.8;7.7;2.25;61.875;;;;
;;50.1;707.958;20.8;27.872;5.2;6.968;3.59;84.724;;;;;;;;;12.22;163.748;8.29;111.086;;;;;;;;;;;;;;;;
Sevilla;Torreblanca / Alberchigo;50.11;773.576;16.752;2.244.768;4.188;561.192;3.9;9.204;;;;;;;;;12.3;16.482;8.55;11.457;;;;;;;;;4.42;12.155;;;;;;
Albacete;Santa Quiteria;50.21;791.575;17.232;2.309.088;4.308;577.272;3.98;93.928;2.59;61.124;;;;;;;10.2;13.668;8.23;110.282;;;;;;;;;;;3.67;100.925;;;7.75;4.65
Sevilla;Himalaya - Palmas Altas Sur;50.4;78.897;16;21.44;4;5.36;3.2;7.552;3.1;7.316;;;;;;;12;16.08;8.6;11.524;;;;;;;;;3.5;9.625;;;;;44.3;26.58
Sevilla;Torreblanca / Alberchigo;50.77;762.902;17.104;2.291.936;4.276;572.984;5.47;129.092;;;;;;;;;12.3;16.482;9.72;130.248;;;;;;;;;;;1.9;5.225;;;;
Barcelona;AQ Llevant;51.35;811.615;17.4;23.316;4.35;5.829;4.5;10.62;3.9;9.204;;;;;;;11.8;15.812;6.55;8.777;;;;;;;;;;;2.25;61.875;0.6;1.416;6.35;3.81
Sevilla;Pino Montano Emvisesa;51.7;785.585;17.9;23.986;7;9.38;3.5;8.26;;;;;;;;;11.4;15.276;7.85;10.519;;;;;;;;;2.2;6.05;1.85;50.875;;;;
Avilés;Aralis II - Arqura Homes;52.53;823.986;16.192;2.169.728;4.048;542.432;5.14;121.304;3.73;88.028;;;;;;;12.52;167.768;8.8;11.792;;;;;;;;;;;2.1;5.775;;;5.26;3.156
;Pino Montano ;52.85;85.672;18.55;24.857;8.1;10.854;5.3;12.508;;;;;;;;;14.2;19.028;;;;;;;;;;;6.7;18.425;;;;;;
;Uralita;53.27;850.384;16.77;224.718;6.14;82.276;3.67;86.612;;;;;;;;;10.71;143.514;8.28;110.952;;;;;;;;;2.24;6.16;3.04;8.36;2.42;57.112;3.66;2.196
Albacete;Santa Quiteria;53.32;876.452;16.048;2.150.432;4.012;537.608;3.3;7.788;3.27;77.172;;;;;;;10.87;145.658;8.79;117.786;;;;;;;;;;;5.96;16.39;1.07;25.252;;
Murcia ;Balcon del Norte - Condestable;53.45;819.991;18.888;2.530.992;4.722;632.748;3.98;93.928;3.11;73.396;;;;;;;11.83;158.522;8.69;116.446;;;;;;;;;;;2.23;61.325;;;9;5.4
Sevilla;M10 Bermejales;53.49;826.773;17.19;230.346;7.26;97.284;3.5;8.26;;;;;;;;;10.45;14.003;9.82;131.588;;;;;;;;;2.84;7.81;2.43;66.825;;;;
Sevilla;Torreblanca / Alberchigo;53.77;85.142;16.824;2.254.416;4.206;563.604;5.12;120.832;;;;;;;;;12.62;169.108;9.42;126.228;;;;;;;;;5.58;15.345;;;;;;
Sevilla;Macarena 40 / Aniceto;53.83;83.813;17.38;232.892;7;9.38;4.07;96.052;;;;;;;;;12.04;161.336;8;10.72;;;;;;;;;3;8.25;2.34;6.435;;;;
Pamplona;Abaigar Izarra Plaza;53.92;833.549;17.76;237.984;4.44;59.496;5.12;120.832;;;;;;;;;11.47;153.698;10.96;146.864;;;;;;;;;2.21;60.775;1.96;5.39;;;20.4;12.24
Málaga;Guadiaro;53.95;804.257;20;26.8;5;6.7;4.31;101.716;;;;;;;;;12.01;160.934;9.98;133.732;;;;;;;;;;;2.65;72.875;;;;
Sevilla;Torreblanca / Alberchigo;53.97;86.691;16.176;2.167.584;4.044;541.896;5.27;124.372;;;;;;;;;12.87;172.458;9.23;123.682;;;;;;;;;;;6.38;17.545;;;;
Sevilla;Torreblanca / Alberchigo;54.05;789.241;18.21;244.014;7.05;9.447;3.84;90.624;;;;;;;;;12.06;161.604;11.06;148.204;;;;;;;;;;;1.83;50.325;;;;
Segovia;Construmad;54.11;760.774;26;34.84;6.5;8.71;3.5;8.26;;;;;;;;;18.11;242.674;;;;;;;;;;;;;;;;;;
Sevilla;Torreblanca / Alberchigo;54.15;867.771;16.472;2.207.248;4.118;551.812;5.27;124.372;;;;;;;;;12.87;172.458;9.15;12.261;;;;;;;;;;;6.27;172.425;;;;
Madrid;Borea Arroyo Fresno Portablanca / Fcc;54.54;812.379;27.912;3.740.208;6.978;935.052;3.64;85.904;;;;;;;;;12.86;172.324;;;;;;;;;;;;;3.15;86.625;;;13.93;8.358
;Pino Montano ;54.9;83.709;16.25;21.775;7.15;9.581;4;9.44;;;;;;;;;13.4;17.956;9.8;13.132;;;;;;;;;4.3;11.825;;;;;;
Sevilla;Pino Montano Emvisesa;55.05;88.002;18.4;24.656;7;9.38;3.45;8.142;;;;;;;;;10.4;13.936;8.2;10.988;;;;;;;;;2.25;61.875;5.35;147.125;;;;
;;55.1;774.958;24.8;33.232;6.2;8.308;3.59;84.724;;;;;;;;;12.22;163.748;8.29;111.086;;;;;;;;;;;;;;;;
;SUNP-AE-1;55.39;863.921;16.71;223.914;8.01;107.334;4.48;105.728;;;;;;;;;12.08;161.872;8.72;116.848;;;;;;;;;1.12;3.08;4.27;117.425;;;;
Bilbao;Luz Enea - Pryconsa;55.58;876.742;17.576;2.355.184;4.394;588.796;3.61;85.196;3.08;72.688;;;;;;;12.55;16.817;9.85;13.199;;;;;;;;;4.52;12.43;;;;;10.27;6.162
Barcelona;Marcelona Montjuit - Culmia;55.96;873.338;19.28;258.352;4.82;64.588;3.59;84.724;;;;;;;;;11.58;155.172;10.53;141.102;;;;;;;;;;;6.16;16.94;;;15.37;9.222
;SUNP-AE-1;56.24;894.772;17.33;232.222;7;9.38;4.66;109.976;;;;;;;;;12.01;160.934;8.6;11.524;;;;;;;;;0.93;25.575;5.71;157.025;;;;
Sevilla;Cros Pirotecnia;56.27;935.878;16.32;218.688;7.19;96.346;3.83;90.388;;;;;;;;;10.07;134.938;8.21;110.014;;;;;;;;;4.35;119.625;4.41;121.275;1.89;44.604;;
Sevilla;M10 Bermejales;56.91;88.215;17.15;22.981;8.6;11.524;3.51;82.836;;;;;;;;;11.75;15.745;9.96;133.464;;;;;;;;;3.42;9.405;2.52;6.93;;;;
Sevilla;Pino Montano Emvisesa;57.1;94.259;16;21.44;7;9.38;4.2;9.912;;;;;;;;;11.1;14.874;8.7;11.658;;;;;;;;;2.8;7.7;5.3;14.575;2;4.72;;
Sevilla;Pol. Aerpuerto;57.16;91.4;16.68;223.512;7.61;101.974;4.59;108.324;;;;;;;;;13;17.42;8.1;10.854;;;;;;;;;3.15;86.625;4.03;110.825;;;;
Málaga;Guadiaro;57.21;902.586;20;26.8;5;6.7;3.67;86.612;3.44;81.184;;;;;;;12.35;16.549;8.25;11.055;;;;;;;;;;;4.5;12.375;;;;
Sevilla;Cros Pirotecnia;57.24;949.581;17.24;231.016;7.19;96.346;3.83;90.388;;;;;;;;;10.07;134.938;8.21;110.014;;;;;;;;;4.35;119.625;4.46;12.265;1.89;44.604;3;1.8
Sevilla;Pino Montano Emvisesa;57.25;919.565;16.2;21.708;7.05;9.447;3.4;8.024;;;;;;;;;12.8;17.152;9.45;12.663;;;;;;;;;3.55;97.625;4.8;13.2;;;;
Madrid;Gilmar El Retiro;57.3;87.327;19.24;257.816;4.81;64.454;4.15;9.794;3.7;8.732;;;;;;;13.3;17.822;10.3;13.802;;;;;;;;;;;1.8;4.95;;;;
;SUNP-AE-1;57.31;873.353;18.33;245.622;8.23;110.282;3.36;79.296;2.37;55.932;;;;;;;12.93;173.262;8.76;117.384;;;;;;;;;1.1;3.025;2.23;61.325;;;;
Terrasa;Gasometro - Metrovacesa;57.4;95.939;15.52;207.968;3.88;51.992;3.5;8.26;2.3;5.428;;;;;;;10.2;13.668;6.2;8.308;6.2;8.308;2.4;6.6;;;;;;;6.1;16.775;1.1;2.596;55;33
Sevilla;Cros Pirotecnia;57.44;944.617;16.33;218.822;7.19;96.346;3.44;81.184;;;;;;;;;10.54;141.236;9.5;12.73;;;;;;;;;4.8;13.2;3.75;103.125;1.89;44.604;4.26;2.556
Sevilla;Macarena 40 / Aniceto;57.97;893.546;17.62;236.108;7.87;105.458;3.54;83.544;;;;;;;;;12.63;169.242;9.36;125.424;;;;;;;;;;;2.5;6.875;4.45;10.502;;
La Coruña;Caleida - Metrovacesa;58;94.16;25.36;339.824;6.34;84.956;5;11.8;;;;;;;;;12.4;16.616;;;;;;;;;;;2.8;7.7;3;8.25;3.1;7.316;3.7;2.22
Madrid;Gilmar El Retiro;58;885.395;19.2;25.728;4.8;6.432;4.35;10.266;3.7;8.732;;;;;;;13.7;18.358;10.4;13.936;;;;;;;;;;;1.85;50.875;;;;
Sevilla;Pol. Aerpuerto;58.35;886.641;18.4;24.656;7.95;10.653;3.98;93.928;;;;;;;;;14.54;194.836;8.93;119.662;;;;;;;;;2.3;6.325;2.25;61.875;;;;
Sevilla;Torreblanca / Alberchigo;58.43;95.554;17.56;235.304;4.39;58.826;7.16;168.976;;;;;;;;;12.4;16.616;9.86;132.124;;;;;;;;;7.06;19.415;;;;;;
Sevilla;Pol. Aerpuerto;58.46;887.308;23.11;309.674;7.42;99.428;3.97;93.692;;;;;;;;;10.54;141.236;8.92;119.528;;;;;;;;;2.26;6.215;2.24;6.16;;;;
Sevilla;Palmas Altas Sur;58.5;934.845;16.9;22.646;8.25;11.055;4.5;10.62;;;;;;;;;12.05;16.147;9.35;12.529;;;;;;;;;2.5;6.875;4.95;136.125;;;;
Málaga;Zitizen;58.6;88.742;22.08;295.872;5.52;73.968;3.4;8.024;3.3;7.788;;;;;;;13;17.42;8.9;11.926;;;;;;;;;;;2.4;6.6;;;6.5;3.9
Sevilla;Torreblanca / Alberchigo;58.96;883.598;21.608;2.895.472;5.402;723.868;5.88;138.768;;;;;;;;;13.33;178.622;10.36;138.824;;;;;;;;;;;2.38;6.545;;;;
Málaga;Zitizen;59;89.38;22.24;298.016;5.56;74.504;3.4;8.024;3.4;8.024;;;;;;;13;17.42;9;12.06;;;;;;;;;;;2.4;6.6;;;6;3.6
Sevilla;San Jerónimo;59.18;925.741;16.3;21.842;13.38;179.292;3.82;90.152;;;;;;;;;10.33;138.422;8.7;11.658;;;;;;;;;3.17;87.175;3.48;9.57;;;;
;Pino Montano ;59.25;928.845;19.4;25.996;7.4;9.916;5;11.8;;;;;;;;;12.7;17.018;8.8;11.792;;;;;;;;;5.95;163.625;;;;;;
Sevilla;San Jerónimo;59.3;95.146;17.7;23.718;10.39;139.226;3.82;90.152;;;;;;;;;10.33;138.422;8.7;11.658;;;;;;;;;4.88;13.42;3.48;9.57;;;;
Sevilla;Cros Pirotecnia;59.41;964.463;18.78;251.652;6.27;84.018;3.88;91.568;;;;;;;;;10.67;142.978;10.07;134.938;;;;;;;;;3.82;10.505;3.73;102.575;2.19;51.684;;
Sevilla;Pino Montano Emvisesa;59.45;98.686;16.55;22.177;7.35;9.849;4.55;10.738;;;;;;;;;11.7;15.678;9.1;12.194;;;;;;;;;4.75;130.625;5.45;149.875;;;;
Sevilla;Pino Montano Emvisesa;59.6;96.301;18.15;24.321;7.1;9.514;3.95;9.322;;;;;;;;;12.2;16.348;9.4;12.596;;;;;;;;;3.8;10.45;5;13.75;;;;
Sevilla;Pino Montano Emvisesa;59.85;94.617;18.2;24.388;7.15;9.581;5.15;12.154;;;;;;;;;12.7;17.018;10.15;13.601;;;;;;;;;3.1;8.525;3.4;9.35;;;;
Sevilla;Pino Montano Emvisesa;59.85;938.505;18.7;25.058;7;9.38;3.5;8.26;;;;;;;;;14.4;19.296;9.1;12.194;;;;;;;;;3.75;103.125;3.4;9.35;;;;
Sevilla;Torreblanca / Alberchigo;59.99;975.235;18.224;2.442.016;4.556;610.504;4.65;10.974;;;;;;;;;13.79;184.786;9.98;133.732;;;;;;;;;;;8.79;241.725;;;;
Manresa;La Llum de Manresa - Metrovacesa;60;94.317;18.35;24.589;8.45;11.323;5.35;12.626;;;;;;;;;12.6;16.884;9.25;12.395;;;;;;;;;6;16.5;;;;;;
Málaga;Zitizen;60.1;90.854;22.64;303.376;5.66;75.844;3.4;8.024;3.4;8.024;;;;;;;13.1;17.554;9.5;12.73;;;;;;;;;;;2.4;6.6;;;8.9;5.34
Bilbao;Luz Enea - Pryconsa;60.12;951.714;19.376;2.596.384;4.844;649.096;3.57;84.252;2.93;69.148;;;;;;;13.7;18.358;10.04;134.536;;;;;;;;;5.66;15.565;;;;;21.23;12.738
Málaga;Guadiaro;60.34;938.444;20.512;2.748.608;5.128;687.152;3.75;8.85;;;;;;;;;12.83;171.922;11.04;147.936;;;;;;;;;;;4.98;13.695;2.1;4.956;;
Sevilla;Cros Pirotecnia;60.34;1.016.408;17.64;236.376;6.97;93.398;3.89;91.804;;;;;;;;;10.41;139.494;8.98;120.332;;;;;;;;;5.11;140.525;5.45;149.875;1.89;44.604;4.26;2.556
Granada;Alma F2;60.7;92.537;21.84;292.656;5.46;73.164;4;9.44;3.8;8.968;;;;;;;13.4;17.956;9.9;13.266;;;;;;;;;;;2.3;6.325;;;8.1;4.86
Sevilla;M10 Bermejales;60.9;937.536;17.25;23.115;9.55;12.797;3.56;84.016;;;;;;;;;15.34;205.556;9.16;122.744;;;;;;;;;3.43;94.325;2.61;71.775;;;;
Málaga;Zitizen;61.3;92.462;22.08;295.872;5.52;73.968;3.7;8.732;3.1;7.316;;;;;;;13.8;18.492;10.7;14.338;;;;;;;;;;;2.4;6.6;;;13.3;7.98
Albacete;Santa Quiteria;61.35;900.201;20.696;2.773.264;5.174;693.316;2.65;6.254;2.34;55.224;;;;;;;12.1;16.214;8.66;116.044;7.8;10.452;;;;;;;;;1.93;53.075;;;132.63;79.578
Segovia;Construmad;61.49;948.067;22.87;306.458;8.2;10.988;3.58;84.488;3.32;78.352;;;;;;;10.81;144.854;8.9;11.926;;;;;;;;;3.81;104.775;;;;;;
Bilbao;Luz Enea - Pryconsa;61.56;944.637;20.656;2.767.904;5.164;691.976;3.55;8.378;3.06;72.216;;;;;;;15.78;211.452;9.64;129.176;;;;;;;;;3.71;102.025;;;;;10.65;6.39
Barcelona;Themos Riera - Culmia;61.79;99.805;20.34;272.556;8.27;110.818;3.6;8.496;3.12;73.632;;;;;;;10.33;138.422;8.93;119.662;;;;;;;;;4.7;12.925;2.5;6.875;;;9.29;5.574
Sevilla;Cros Pirotecnia;61.89;1.004.505;18.78;251.652;8.35;11.189;3.88;91.568;;;;;;;;;10.67;142.978;10.07;134.938;;;;;;;;;4.52;12.43;3.73;102.575;1.89;44.604;2.3;1.38
Málaga;Guadiaro;62.4;995.727;20.456;2.741.104;5.114;685.276;3.62;85.432;2.96;69.856;;;;;;;13.72;183.848;9.03;121.002;;;;;;;;;;;4.09;112.475;3.41;80.476;;
Sevilla;Cros Pirotecnia;63.32;1.034.884;18.21;244.014;6.98;93.532;4.44;104.784;;;;;;;;;12.17;163.078;10.89;145.926;;;;;;;;;6.38;17.545;2;5.5;2.25;5.31;2.32;1.392
Sevilla;M10 Bermejales;63.38;996.373;18.62;249.508;7.88;105.592;3.6;8.496;;;;;;;2.18;51.448;10.11;135.474;7.38;98.892;7.36;98.624;;;;;;;2.56;7.04;3.69;101.475;;;;
Málaga;Guadiaro;64.05;100.005;22.904;3.069.136;5.726;767.284;5.1;12.036;3.49;82.364;2.97;70.092;;;;;13.28;177.952;8.24;110.416;;;;;;;;;;;;;2.34;55.224;;
Sevilla;M10 Bermejales;64.19;1.011.001;18.62;249.508;8.23;110.282;3.75;8.85;;;;;;;2.4;5.664;10.2;13.668;7.38;98.892;7.36;98.624;;;;;;;2.56;7.04;3.69;101.475;;;;
Pamplona;Abaigar Izarra Plaza;64.4;1.018.735;21.8;29.212;9.37;125.558;4.34;102.424;3.73;88.028;;;;;;;11.67;156.378;8.28;110.952;;;;;;;;;2.8;7.7;2.41;66.275;;;10.58;6.348
Córdoba;Terrazas de Sta. Rosa / Insur;64.41;106.539;17.78;238.252;6.92;92.728;4.9;11.564;2.99;70.564;;;;;;;12.66;169.644;9.97;133.598;;;;;;;;;3.35;92.125;3.85;105.875;1.99;46.964;5.65;3.39
Sevilla;Coca Cola;64.85;102.262;22.5;30.15;8.95;11.993;5.8;13.688;;;;;;;;;11.95;16.013;8.95;11.993;;;;;;;;;2.6;7.15;4.1;11.275;;;;
Pamplona;Abaigar Izarra Plaza;64.97;1.022.773;24.32;325.888;6.08;81.472;3.91;92.276;3.89;91.804;;;;;;;11.94;159.996;9.68;129.712;;;;;;;;;2.85;78.375;2.3;6.325;;;19.66;11.796
Pamplona;Abaigar Izarra Plaza;65.26;1.034.798;24.016;3.218.144;6.004;804.536;4.58;108.088;3.7;8.732;;;;;;;11.9;15.946;9.68;129.712;;;;;;;;;3;8.25;2.38;6.545;;;20.46;12.276
Sevilla;M10 Bermejales;65.27;102.904;19.2;25.728;8.42;112.828;3.67;86.612;;;;;;;2.18;51.448;10.28;137.752;7.41;99.294;7.39;99.026;;;;;;;3;8.25;3.72;10.23;;;;
Madrid;Gilmar El Retiro;65.35;987.965;21.68;290.512;5.42;72.628;4.25;10.03;4.2;9.912;;;;;;;16.8;22.512;11.15;14.941;;;;;;;;;;;1.85;50.875;;;36.75;22.05
;Sedalis Resid. / Realia;65.43;1.044.687;22.96;307.664;5.74;76.916;3.66;86.376;3.5;8.26;;;;;;;12.75;17.085;10.09;135.206;;;;;;;;;3.64;10.01;3.09;84.975;;;9.52;5.712
Albacete;Santa Quiteria;65.92;100.871;25.336;3.395.024;6.334;848.756;3.25;7.67;2.96;69.856;;;;;;;13.11;175.674;10.53;141.102;;;;;;;;;;;4.4;12.1;;;9.1;5.46
Valencia;Font de San Lluis - Aproperties;65.94;1.087.047;21.592;2.893.328;5.398;723.332;3.57;84.252;3.15;7.434;;;;;;;12.71;170.314;9.67;129.578;;;;;;;;;3.5;9.625;5.33;146.575;1.02;24.072;5.26;3.156
Madrid;Gilmar El Retiro;65.95;107.048;22.44;300.696;5.61;75.174;3.85;9.086;3.4;8.024;;;;;;;12.4;16.616;10.25;13.735;;;;;;;;;6.3;17.325;1.7;4.675;;;;
Granada;Alma F2;66;107.583;19.5;26.13;6.1;8.174;4.2;9.912;4.2;9.912;;;;;;;13.4;17.956;11.1;14.874;;;;;;;;;5.2;14.3;2.3;6.325;;;9.6;5.76
Málaga;Zitizen;66.1;104.879;21.6;28.944;8.8;11.792;3.7;8.732;3.3;7.788;;;;;;;12.9;17.286;9.3;12.462;;;;;;;;;4.1;11.275;2.4;6.6;;;12.1;7.26
Sevilla;Cros Pirotecnia;66.27;1.135.371;17.5;23.45;7.81;104.654;5.62;132.632;;;;;;;;;12.23;163.882;9.11;122.074;;;;;;;;;6.35;174.625;5.76;15.84;1.89;44.604;5.16;3.096
Sevilla;M10 Bermejales;66.55;1.050.977;18.81;252.054;10.02;134.268;3.6;8.496;;;;;;;2.18;51.448;10.11;135.474;7.38;98.892;7.34;98.356;;;;;;;3.42;9.405;3.69;101.475;;;;
Sevilla;Pol. Aerpuerto;66.62;1.039.114;18.38;246.292;7.42;99.428;3.52;83.072;2.65;6.254;;;;;;;11.59;155.306;9.1;12.194;8.04;107.736;;;;;;;2.26;6.215;3.66;10.065;;;;
Sevilla;Pol. Aerpuerto;66.63;1.035.141;18.6;24.924;7.42;99.428;3.58;84.488;2.45;5.782;;;;;;;11.61;155.574;8.9;11.926;8.34;111.756;;;;;;;2.26;6.215;3.47;95.425;;;;
Pamplona;Abaigar Izarra Plaza;66.65;1.054.654;22.01;294.934;9.37;125.558;4.42;104.312;3.87;91.332;;;;;;;11.65;15.611;9.87;132.258;;;;;;;;;3.03;83.325;2.43;66.825;;;10.4;6.24
;Cisneo Alto;66.73;1.073.807;18.87;252.858;12.17;163.078;4.63;109.268;;;;;;;;;12.54;168.036;9.13;122.342;;;;;;;;;6.61;181.775;2.78;7.645;;;;
;Cisneo Alto;66.74;1.069.531;18.79;251.786;8.93;119.662;4.52;106.672;3.77;88.972;;;;;;;14.28;191.352;9.47;126.898;;;;;;;;;2.69;73.975;2.3;6.325;1.99;46.964;2.87;1.722
;SUNP-AE-1;66.75;1.057.236;18.15;24.321;7.26;97.284;3.36;79.296;2.37;55.932;;;;;;;12.12;162.408;8.09;108.406;8;10.72;;;;;;;1.15;31.625;6.25;171.875;;;;
Sevilla;Pol. Aerpuerto;66.76;1.036.196;18.42;246.828;7.42;99.428;3.52;83.072;2.65;6.254;;;;;;;10.41;139.494;9.86;132.124;8.9;11.926;;;;;;;2.26;6.215;3.32;9.13;;;;
Sevilla;Aniceto Sáez;66.78;1.047.564;18.02;241.468;7.02;94.068;2.86;67.496;2.85;6.726;;;;;;;12.31;164.954;8.82;118.188;8.2;10.988;;;;;;;3.22;8.855;3.48;9.57;;;13.11;7.866
Málaga;Zitizen;67;104.534;22.4;30.016;8.8;11.792;3.5;8.26;3.5;8.26;;;;;;;13.8;18.492;9.6;12.864;;;;;;;;;3.6;9.9;1.8;4.95;;;12.1;7.26
Granada;Alma F2;67;109.127;20.3;27.202;6.1;8.174;4.4;10.384;4.2;9.912;;;;;;;13.4;17.956;11.1;14.874;;;;;;;;;5.2;14.3;2.3;6.325;;;9.7;5.82
Valencia;Font de San Lluis - Aproperties;67.02;1.115.508;21.24;284.616;5.31;71.154;3.6;8.496;3.21;75.756;;;;;;;13.77;184.518;9.03;121.002;;;;;;;;;2.14;5.885;7.4;20.35;1.32;31.152;4.8;2.88
La Coruña;Habitat - Torre Amura;67.2;110.301;21.92;293.728;5.48;73.432;5;11.8;3.4;8.024;;;;;;;13.4;17.956;8.8;11.792;;;;;;;;;2.2;6.05;3.7;10.175;3.3;7.788;;
Sevilla;Pino Montano Emvisesa;67.2;109.263;18.55;24.857;7.05;9.447;3.8;8.968;3.15;7.434;;;;;;;10.65;14.271;7.7;10.318;7.7;10.318;;;;;;;4.35;119.625;4.25;116.875;;;;
Sevilla;Hespérides;67.25;1.016.773;21.816;2.923.344;5.454;730.836;7.7;18.172;;;;;;;;;17.31;231.954;12.34;165.356;;;;;;;;;2.63;72.325;;;;;;
Sevilla;Macarena 40 / Aniceto;67.26;1.015.923;18.76;251.384;7.34;98.356;3.65;8.614;;;;;;;;;13.19;176.746;10.36;138.824;8.47;113.498;;;;;;;2.28;6.27;3.21;88.275;;;;
;;67.3;1.031.579;19.41;260.094;7.52;100.768;4.69;110.684;;;;;;;;;10.98;147.132;10.05;13.467;8.84;118.456;;;;;;;2.85;78.375;2.96;8.14;;;;
Sevilla;Bermes II / Insur;67.43;110.623;21.752;2.914.768;5.438;728.692;4.08;96.288;3.88;91.568;;;;;;;13.09;175.406;10.11;135.474;;;;;;;;;4.81;132.275;2.59;71.225;1.68;39.648;10.21;6.126
Sevilla;San Jerónimo;67.5;1.097.535;18.32;245.488;7.96;106.664;3.52;83.072;3.89;91.804;;;;;;;11.24;150.616;7.28;97.552;6.96;93.264;;;;;;;3.19;87.725;5.14;14.135;;;2.1;1.26
Sevilla;Macarena 40 / Aniceto;67.57;108.542;18.6;24.924;10.59;141.906;4.9;11.564;;;;;;;;;12.51;167.634;11.75;15.745;;;;;;;;;4.76;13.09;4.46;12.265;;;;
Granada;Alma F2;67.6;111.614;20.8;27.872;8.5;11.39;4;9.44;3.9;9.204;;;;;;;12.2;16.348;9;12.06;;;;;;;;;3.6;9.9;5.6;15.4;;;;
Sevilla;Pol. Aerpuerto;67.62;1.055.244;18.48;247.632;7.49;100.366;4.01;94.636;2.87;67.732;;;;;;;13.1;17.554;8.07;108.138;8;10.72;;;;;;;2.41;66.275;3.19;87.725;;;;
;Patraix / Realia;67.62;1.080.288;20.45;27.403;7.03;94.202;4.3;10.148;4.04;95.344;;;;;;;15.36;205.824;10.12;135.608;;;;;;;;;2.99;82.225;3.33;91.575;;;34.78;20.868
Sevilla;San Jerónimo;67.84;1.079.087;18.39;246.426;7.96;106.664;3.52;83.072;3.1;7.316;;;;;;;11.76;157.584;8.64;115.776;7.2;9.648;;;;;;;3.22;8.855;4.05;111.375;;;2.1;1.26
La Coruña;Caleida - Metrovacesa;67.9;117.725;20;26.8;5;6.7;5.4;12.744;3.3;7.788;;;;;;;12.7;17.018;8;10.72;;;;;;;;;5.9;16.225;4.6;12.65;3;7.08;;
Sevilla;Macarena 40 / Aniceto;67.91;1.066.156;18.23;244.282;7.03;94.202;4.58;108.088;3.21;75.756;;;;;;;12.01;160.934;8.87;118.858;8.54;114.436;;;;;;;2.25;61.875;3.19;87.725;;;;
Albacete;Santa Quiteria;67.93;978.194;28.368;3.801.312;7.092;950.328;3.78;89.208;2.88;67.968;;;;;;;15.64;209.576;10.17;136.278;;;;;;;;;;;;;;;15.71;9.426
Sevilla;M10 Bermejales;67.95;1.062.018;19.75;26.465;10;13.4;3.82;90.152;;;;;;;2.24;52.864;10.37;138.958;7.72;103.448;7.69;103.046;;;;;;;2.56;7.04;3.8;10.45;;;;
;SUNP-AE-1;67.95;1.076.001;18.14;243.076;7.57;101.438;3.57;84.252;2.52;59.472;;;;;;;12.44;166.696;8.26;110.684;8.12;108.808;;;;;;;1.27;34.925;6.06;16.665;;;;
Sevilla;Pol. Aerpuerto;67.98;1.050.555;19.4;25.996;8.02;107.468;3.56;84.016;2.65;6.254;;;;;;;11.94;159.996;8.94;119.796;8.06;108.004;;;;;;;2.28;6.27;3.13;86.075;;;;
Sevilla;Torremagna;68;107.425;22.3;29.882;7.9;10.586;3.8;8.968;3.2;7.552;;;;;;;15.8;21.172;8.5;11.39;;;;;;;;;4.3;11.825;2.2;6.05;;;26.5;15.9
Córdoba;Terrazas de Sta. Rosa / Insur;68.01;109.737;18.91;253.394;8.39;112.426;4.31;101.716;3.81;89.916;;;;;;;14.62;195.908;10.65;14.271;;;;;;;;;7.32;20.13;;;;;4;2.4
Granada;Alma F2;68.1;99;26.6;35.644;9;12.06;4;9.44;;;;;;;;;15.5;20.77;10.4;13.936;;;;;;;;;;;2.6;7.15;;;8.8;5.28
Valladolid;Resid. Castilla;68.1;1.090.725;19.2;25.728;9.45;12.663;4.4;10.384;;;;;;;;;15.1;20.234;10.15;13.601;;;;;;;;;7.55;207.625;1;2.75;1.25;2.95;9.2;5.52
;SUNP-AE-1;68.11;1.049.093;18.53;248.302;7.99;107.066;3.36;79.296;2.37;55.932;;;;;;;12.93;173.262;8.71;116.714;8.69;116.446;;;;;;;1.1;3.025;4.43;121.825;;;;
Sevilla;Pino Montano Emvisesa;68.2;1.064.195;18;24.12;7.15;9.581;3.5;8.26;3.15;7.434;;;;;;;12.05;16.147;11.3;15.142;7.2;9.648;;;;;;;2.2;6.05;3.65;100.375;;;;
;Uralita;68.25;107.409;19.94;267.196;7.29;97.686;4.5;10.62;;;;;;;2.93;69.148;10.76;144.184;8.68;116.312;8.21;110.014;;;;;;;2.65;72.875;3.29;90.475;;;;
Málaga;Zitizen;68.3;108.61;24.5;32.83;7.2;9.648;3.5;8.26;3.3;7.788;;;;;;;13.3;17.822;9.3;12.462;;;;;;;;;4.4;12.1;2.8;7.7;;;14.1;8.46
Sevilla;Pol. Aerpuerto;68.32;1.061.864;19.36;259.424;7.49;100.366;3.6;8.496;2.65;6.254;;;;;;;11.54;154.636;9.29;124.486;8.53;114.302;;;;;;;2.42;6.655;3.44;9.46;;;;
;SUNP-AE-1;68.35;108.926;18.19;243.746;7.26;97.284;3.38;79.768;3.36;79.296;;;;;;;12.6;16.884;8.13;108.942;8.01;107.334;;;;;;;1.15;31.625;6.27;172.425;;;;
;SUNP-AE-1;68.54;1.089.976;18.49;247.766;7.59;101.706;3.78;89.208;3.14;74.104;;;;;;;12.03;161.202;8.25;11.055;8.1;10.854;;;;;;;1.24;3.41;5.92;16.28;;;;
Granada;Alma F2;68.6;99.67;26.6;35.644;9.2;12.328;4;9.44;;;;;;;;;15.5;20.77;10.7;14.338;;;;;;;;;;;2.6;7.15;;;7.9;4.74
;Uralita;68.62;109.088;19.9;26.666;6.61;88.574;4.46;105.256;;;;;;;2.93;69.148;10.68;143.112;8.69;116.446;8.21;110.014;;;;;;;2.65;72.875;3.29;90.475;1.2;2.832;1.88;1.128
Sevilla;Pino Montano Emvisesa;68.65;1.107.515;18.5;24.79;7.15;9.581;3.95;9.322;2.9;6.844;;;;;;;12.45;16.683;8.05;10.787;7.3;9.782;;;;;;;4.55;125.125;3.8;10.45;;;;
Madrid;El Pinar Caleruega - Proceparsa;68.66;106.186;23.53;315.302;6.5;8.71;5.07;119.652;4.41;104.076;;;;;;;14.13;189.342;11.82;158.388;;;;;;;;;;;3.2;8.8;;;;
Barcelona;AQ Llevant;68.75;107.929;19.3;25.862;8.95;11.993;3.65;8.614;3.55;8.378;;;;;;;12.45;16.683;7.5;10.05;7.35;9.849;;;;;;;2.8;7.7;3.2;8.8;;;9;5.4
Sevilla;San Jerónimo;68.77;1.094.339;18.12;242.808;8.52;114.168;3.52;83.072;3.18;75.048;;;;;;;11.93;159.862;8.89;119.126;7.2;9.648;;;;;;;3.38;9.295;4.03;110.825;;;2.06;1.236
Sevilla;San Jerónimo;68.84;1.076.764;19.47;260.898;9.84;131.856;3.2;7.552;;;;;;;2.86;67.496;11.62;155.708;7.99;107.066;7.3;9.782;;;;;;;2.58;7.095;3.98;10.945;;;2.06;1.236
Sevilla;Macarena 40 / Aniceto;68.84;1.151.587;19.31;258.754;8.17;109.478;5.19;122.484;3.63;85.668;;;;;;;14.45;19.363;8.22;110.148;;;;;;;;;4.92;13.53;4.95;136.125;;;;
;SUNP-AE-1;68.87;1.110.226;18.03;241.602;7.33;98.222;4.69;110.684;2.04;48.144;;;;;;;12.36;165.624;8;10.72;8;10.72;;;;;;;1.24;3.41;7.18;19.745;;;;
Sevilla;Pino Montano Emvisesa;68.95;107.948;18;24.12;7;9.38;3.45;8.142;2.4;5.664;;;;;;;13.15;17.621;9.6;12.864;8.55;11.457;;;;;;;2.5;6.875;4.3;11.825;;;;
;Taormina / Pryconsa Cantalejo;69.03;1.010.136;22.18;297.212;7.72;103.448;5.25;12.39;;;;;;;;;17.69;237.046;13.95;18.693;;;;;;;;;;;2.24;6.16;;;52.6;31.56
;SUNP-AE-1;69.05;1.113.118;18.04;241.736;7.02;94.068;3.92;92.512;2.94;69.384;;;;;;;12.01;160.934;8.38;112.292;8.38;112.292;;;;;;;1.18;3.245;7.18;19.745;;;;
Sevilla;Torreblanca / Alberchigo;69.09;112.137;19.224;2.576.016;4.806;644.004;5.93;139.948;;;;;;;;;12.14;162.676;8.82;118.188;8.59;115.106;;;;;;;9.58;26.345;;;;;;
;SUNP-AE-1;69.11;1.090.681;19.53;261.702;7.48;100.232;3.57;84.252;2.38;56.168;;;;;;;12.4;16.616;8.21;110.014;8.17;109.478;;;;;;;1.26;3.465;6.11;168.025;;;;
Avilés;Aralis II - Arqura Homes;69.15;1.114.968;17.27;231.418;9.06;121.404;4.31;101.716;4.01;94.636;;;;;;;16.34;218.956;10.82;144.988;;;;;;;;;2.97;81.675;4.37;120.175;;;10.22;6.132
;Pino Montano ;69.2;1.086.325;19.1;25.594;7;9.38;3.25;7.67;3.15;7.434;;;;;;;11.8;15.812;10.1;13.534;8.15;10.921;;;;;;;6.65;182.875;;;;;1.6;0.96
Sevilla;Pino Montano Emvisesa;69.3;1.110.345;18.2;24.388;7;9.38;4.15;9.794;2.4;5.664;;;;;;;11;14.74;9.6;12.864;8.8;11.792;;;;;;;2.5;6.875;5.65;155.375;;;;
Sevilla;Macarena 40 / Aniceto;69.37;1.057.424;20.29;271.886;7.14;95.676;3.44;81.184;;;;;;;;;12.35;16.549;10.89;145.926;8.68;116.312;;;;;;;2.82;7.755;3.76;10.34;;;;
Sevilla;Pino Montano Emvisesa;69.4;112.658;18.45;24.723;7;9.38;3.9;9.204;3.35;7.906;;;;;;;11.45;15.343;9.15;12.261;7.4;9.916;;;;;;;2.35;64.625;6.35;174.625;;;;
Sevilla;Palmas Altas Sur;69.45;106.461;19.4;25.996;7.1;9.514;3.85;9.086;;;;;;;;;12.95;17.353;9.35;12.529;9.35;12.529;;;;;;;;;4.8;13.2;2.65;6.254;;
;Uralita;69.49;1.122.722;18.32;245.488;7.47;100.098;3.59;84.724;;;;;;;2.97;70.092;10.98;147.132;8.7;11.658;8.62;115.508;;;;;;;3.28;9.02;5.56;15.29;;;;
La Coruña;Caleida - Metrovacesa;69.6;117.81;18.3;24.522;8.1;10.854;5.2;12.272;3.5;8.26;;;;;;;12.2;16.348;10.3;13.802;;;;;;;;;6;16.5;2.8;7.7;3.2;7.552;4.8;2.88
Barcelona;AQ Llevant;69.65;1.106.845;17.05;22.847;8.35;11.189;4;9.44;3.9;9.204;;;;;;;14.1;18.894;7.9;10.586;7.55;10.117;;;;;;;3.6;9.9;2.45;67.375;0.75;1.77;13;7.8
;Uralita;69.71;111.232;19.49;261.166;7.68;102.912;3.39;80.004;4.46;105.256;;;;;;;10.63;142.442;9.08;121.672;8.02;107.468;;;;;;;2.85;78.375;4.11;113.025;;;;
Sevilla;Pino Montano Emvisesa;69.75;110.709;18;24.12;7.1;9.514;4.15;9.794;2.25;5.31;;;;;;;11.75;15.745;9.75;13.065;9.15;12.261;;;;;;;2.75;75.625;4.85;133.375;;;;
Sevilla;Macarena 40 / Aniceto;69.75;107.343;18.04;241.736;9.76;130.784;4.61;108.796;3.19;75.284;;;;;;;12.92;173.128;8.64;115.776;8.39;112.426;;;;;;;2.11;58.025;2.09;57.475;;;;
Sevilla;M10 Bermejales;69.8;1.096.432;18.93;253.662;10;13.4;4.41;104.076;;;;;;;2.4;5.664;10.91;146.194;8.5;11.39;8.15;10.921;;;;;;;2.54;6.985;3.96;10.89;;;;
Granada;Alma F2;69.8;112.111;21.9;29.346;8.6;11.524;4.4;10.384;4;9.44;;;;;;;13.7;18.358;10.1;13.534;;;;;;;;;2.2;6.05;4.9;13.475;;;10.1;6.06
;Uralita;69.82;111.92;19.9;26.666;6.61;88.574;4.46;105.256;;;;;;;2.93;69.148;10.68;143.112;8.69;116.446;8.21;110.014;;;;;;;2.65;72.875;3.29;90.475;2.4;5.664;1.88;1.128
Sevilla;Pino Montano Emvisesa;69.85;1.118.435;18.2;24.388;7;9.38;3.85;9.086;3.6;8.496;;;;;;;10.8;14.472;9.45;12.663;9.4;12.596;;;;;;;2.2;6.05;5.35;147.125;;;;
Sevilla;Hespérides;69.87;1.180.359;20.16;270.144;5.04;67.536;4.11;96.996;3.8;8.968;;;;;;;13.93;186.662;11.24;150.616;;;;;;;;;9.28;25.52;2.31;63.525;;;;
Sevilla;Pol. Aerpuerto;69.93;1.083.891;19.09;255.806;7.49;100.366;3.52;83.072;2.65;6.254;;;;;;;13.13;175.942;9.17;122.878;8.93;119.662;;;;;;;2.49;68.475;3.46;9.515;;;;
Sevilla;Macarena 40 / Aniceto;69.94;1.098.719;18.08;242.272;7.02;94.068;3.76;88.736;2.8;6.608;;;;;;;13.76;184.384;9.59;128.506;8.22;110.148;;;;;;;3.22;8.855;3.49;95.975;;;;
Sevilla;Torreblanca / Alberchigo;69.94;1.122.071;18.09;242.406;7.73;103.582;5.1;12.036;;;;;;;2.92;68.912;12.05;16.147;8.37;112.158;8.37;112.158;;;;;;;7.31;201.025;;;;;;
Sevilla;Pino Montano Emvisesa;69.95;111.388;18;24.12;7.05;9.447;3.95;9.322;2.3;5.428;;;;;;;11.8;15.812;9.75;13.065;9.1;12.194;;;;;;;2.4;6.6;5.6;15.4;;;;
;SUNP-AE-1;69.99;1.145.454;18.06;242.004;7.15;9.581;3.92;92.512;2.94;69.384;;;;;;;12.07;161.738;8.08;108.272;8.01;107.334;;;;;;;1.22;3.355;8.54;23.485;;;;
;SUNP-AE-1;69.99;1.110.861;19.96;267.464;7.09;95.006;3.92;92.512;2.88;67.968;;;;;;;12;16.08;8.41;112.694;8.38;112.292;;;;;;;1.17;32.175;6.18;16.995;;;;
Sevilla;Torreblanca / Alberchigo;70;113.714;19.488;2.611.392;4.872;652.848;5.32;125.552;3.67;86.612;;;;;;;12.21;163.614;8.45;11.323;8.37;112.158;;;;;;;7.62;20.955;;;;;;
La Coruña;Caleida - Metrovacesa;70;120.776;18;24.12;7.8;10.452;5.7;13.452;4;9.44;;;;;;;13;17.42;8.5;11.39;;;;;;;;;4.9;13.475;4.9;13.475;3.2;7.552;;
;Uralita;70;112.298;18.2;24.388;7.1;9.514;4.1;9.676;;;;;;;2.7;6.372;10.7;14.338;9.5;12.73;9.5;12.73;;;;;;;2.55;70.125;5.65;155.375;;;;
;SUNP-AE-1;70;1.132.466;18.23;244.282;7.07;94.738;3.92;92.512;3.81;89.916;;;;;;;12.13;162.542;8.5;11.39;8.14;109.076;;;;;;;1.15;31.625;7.05;193.875;;;;
Sevilla;Pino Montano Emvisesa;70;1.117.175;18.1;24.254;7;9.38;3.95;9.322;2.35;5.546;;;;;;;11.7;15.678;9.65;12.931;9.1;12.194;;;;;;;2.5;6.875;5.65;155.375;;;;
;Pino Montano ;70;1.096.715;18.2;24.388;7;9.38;3.4;8.024;2;4.72;;;;;;;11.9;15.946;11.5;15.41;8.65;11.591;;;;;;;7.35;202.125;;;;;;
;Pino Montano ;70;1.119.365;18;24.12;7.2;9.648;3.8;8.968;2.3;5.428;;;;;;;11.35;15.209;10;13.4;8.9;11.926;;;;;;;8.45;232.375;;;;;;
;Pino Montano ;70;1.112.045;18.3;24.522;7.6;10.184;3.75;8.85;2.6;6.136;;;;;;;10.9;14.606;10.45;14.003;8.65;11.591;;;;;;;2.75;75.625;5;13.75;;;;
La Coruña;Caleida - Metrovacesa;70.9;119.552;19.6;26.264;8.1;10.854;5.2;12.272;3.5;8.26;;;;;;;12.2;16.348;10.3;13.802;;;;;;;;;6;16.5;2.8;7.7;3.2;7.552;4.8;2.88
Sevilla;Macarena 40 / Aniceto;70.9;1.101.599;18.48;247.632;10.02;134.268;4.42;104.312;;;;;;;;;13.97;187.198;8.46;113.364;8;10.72;;;;;;;3.61;99.275;3.94;10.835;;;;
Sevilla;Aniceto Sáenz;71.08;1.066.451;19.62;262.908;8.08;108.272;3.53;83.308;;;;;;;;;14.53;194.702;10.97;146.998;8.82;118.188;;;;;;;2.75;75.625;2.78;7.645;;;2.82;1.692
;;71.25;1.078.419;21.53;288.502;8.11;108.674;4.01;94.636;;;;;;;;;12.19;163.346;10.55;14.137;8.99;120.466;;;;;;;2.56;7.04;3.31;91.025;;;;
Sevilla;Coca Cola;71.4;111.768;23.92;320.528;5.98;80.132;3.75;8.85;;;;;;;;;11.9;15.946;8.75;11.725;8.4;11.256;;;;;;;6.45;177.375;2.25;61.875;;;1.9;1.14
La Coruña;Habitat - Torre Amura;71.7;124.761;20;26.8;7.2;9.648;5.1;12.036;4.4;10.384;;;;;;;12.1;16.214;8.6;11.524;;;;;;;;;3.8;10.45;7.5;20.625;3;7.08;;
Málaga;Guadiaro;71.7;1.073.892;21.416;2.869.744;5.354;717.436;4.03;95.108;;;;;;;;;13.91;186.394;12.28;164.552;9.05;12.127;;;;;;;;;3.66;10.065;2;4.72;;
Málaga;Zitizen;71.8;111.65;20.2;27.068;8.5;11.39;3.8;8.968;;;;;;;;;12.8;17.152;9.4;12.596;8.9;11.926;;;;;;;4;11;4.2;11.55;;;12.3;7.38
Sevilla;Coca Cola;71.9;113.458;23.92;320.528;5.98;80.132;4.75;11.21;;;;;;;;;11.4;15.276;8.75;11.725;8.4;11.256;;;;;;;6.45;177.375;2.25;61.875;;;1.6;0.96
Sevilla;Macarena 40 / Aniceto;71.91;1.091.523;19.69;263.846;11.87;159.058;4.87;114.932;;;;;;;;;12.59;168.706;8.84;118.456;8.5;11.39;;;;;;;2.78;7.645;2.77;76.175;;;;
;Cisneo Alto;72.15;1.145.529;19.2;25.728;7.87;105.458;4.79;113.044;;;;;;;;;12.7;17.018;9.46;126.764;8.92;119.528;;;;;;;3.69;101.475;5.52;15.18;;;23.82;14.292
Madrid;Mesena - Metrovacesa ;72.2;114.253;22.1;29.614;11.2;15.008;4.1;9.676;3.8;8.968;;;;;;;14.6;19.564;9.7;12.998;;;;;;;;;4.3;11.825;2.4;6.6;;;19.7;11.82
Málaga;Zitizen;72.2;112.405;19.4;25.996;8.1;10.854;3.6;8.496;;;;;;;;;13.7;18.358;9.6;12.864;9.3;12.462;;;;;;;4.7;12.925;3.8;10.45;;;12.1;7.26
Málaga;Zitizen;72.2;112.648;20.5;27.47;8.4;11.256;3.7;8.732;;;;;;;;;12.9;17.286;9.3;12.462;8.8;11.792;;;;;;;2.4;6.6;6.2;17.05;;;11.9;7.14
Pamplona;Abaigar Izarra Plaza;73.27;1.150.349;23.17;310.478;10.66;142.844;4.05;9.558;3.28;77.408;;;;;;;13.46;180.364;12;16.08;;;;;;;;;4.95;136.125;1.7;4.675;;;12.51;7.506
Avilés;Aralis II - Arqura Homes;73.39;1.176.173;19.92;266.928;4.98;66.732;4.08;96.288;3.91;92.276;;;;;;;13.78;184.652;10.48;140.432;8.35;11.189;;;;;;;4.34;11.935;3.55;97.625;;;4.13;2.478
Sevilla;Macarena 40 / Aniceto;73.4;1.099.885;19.62;262.908;7.95;10.653;3.76;88.736;;;;;;;;;15.97;213.998;10.97;146.998;9.6;12.864;;;;;;;2.75;75.625;2.78;7.645;;;;
Avilés;Aralis II - Arqura Homes;73.74;1.190.271;19.8;26.532;4.95;6.633;4.98;117.528;3.49;82.364;;;;;;;14.33;192.022;10.48;140.432;7.5;10.05;;;;;;;4.19;115.225;4.02;11.055;;;4.13;2.478
Granada;Alma F2;74.2;110.237;21.9;29.346;9.3;12.462;4.1;9.676;;;;;;;;;14.3;19.162;10;13.4;9.9;13.266;;;;;;;2.2;6.05;2.5;6.875;;;17.9;10.74
;Cisneo Alto;74.28;1.176.228;18.48;247.632;7.82;104.788;4.3;10.148;;;;;;;;;15.73;210.782;9.51;127.434;8.02;107.468;;;;;;;2.72;7.48;5.16;14.19;2.54;59.944;3.55;2.13
;Cisneo Alto;74.44;1.155.554;18.88;252.992;8.03;107.602;3.75;8.85;;;;;;;;;12.34;165.356;12.08;161.872;10.13;135.742;;;;;;;4.04;11.11;2.54;6.985;2.65;6.254;3.01;1.806
Málaga;Guadiaro;74.59;1.119.365;23.008;3.083.072;5.752;770.768;4.31;101.716;;;;;;;;;14.55;19.497;10.97;146.998;9.97;133.598;;;;;;;;;3.69;101.475;2.34;55.224;;
Sevilla;Macarena 40 / Aniceto;74.66;1.221.358;18.23;244.282;8.3;11.122;5.07;119.652;;;;;;;;;13.63;182.642;8.83;118.322;8.6;11.524;;;;;;;4.25;116.875;7.75;213.125;;;;
Barcelona;Oslo Bulding;74.74;120.089;21.24;284.616;5.31;71.154;4.55;10.738;3.91;92.276;;;;;;;16.12;216.008;9.11;122.074;6.48;86.832;;;;;;;;;8.02;22.055;;;9.11;5.466
Granada;Alma F2;74.8;113.87;31.9;42.746;8.8;11.792;4.8;11.328;;;;;;;;;13.5;18.09;9.6;12.864;;;;;;;;;2.4;6.6;3.8;10.45;;;42.4;25.44
Cuenca;Villa Roman;74.86;1.208.807;25.32;339.288;6.33;84.822;4.15;9.794;4.03;95.108;;;;;;;15.34;205.556;11.02;147.668;;;;;;;;;4.66;12.815;4.01;110.275;;;8.18;4.908
;Cisneo Alto;75.3;1.181.793;19.04;255.136;8.05;10.787;4.49;105.964;;;;;;;;;14.24;190.816;9.97;133.598;9.78;131.052;;;;;;;3.95;108.625;3.16;8.69;2.62;61.832;6.21;3.726
Albacete;Santa Quiteria;75.46;1.039.214;19.488;2.611.392;4.872;652.848;2.75;6.49;;;;;;;;;10.54;141.236;7.89;105.726;29.92;400.928;;;;;;;;;;;;;12.46;7.476
;Cisneo Alto;75.9;1.220.715;21.06;282.204;8.65;11.591;6.35;14.986;;;;;;;;;12.55;16.817;8.75;11.725;8.69;116.446;;;;;;;3.56;9.79;6.29;172.975;;;23.82;14.292
Sevilla;Coca Cola;75.95;122.935;21;28.14;10.35;13.869;4.9;11.564;4.65;10.974;;;;;;;12.55;16.817;8;10.72;6.4;8.576;;;;;;;4.55;125.125;3.55;97.625;;;;
Avilés;Aralis II - Arqura Homes;75.99;1.242.975;19.92;266.928;4.98;66.732;5.13;121.068;4.39;103.604;;;;;;;13.88;185.992;10.48;140.432;8.16;109.344;;;;;;;5.6;15.4;3.45;94.875;;;4.13;2.478
Córdoba;Terrazas de Sta. Rosa / Insur;75.99;119.445;20.15;27.001;8.39;112.426;3.92;92.512;;;;;;;;;13.89;186.126;9.91;132.794;9.52;127.568;;;;;;;2.9;7.975;5.32;14.63;1.99;46.964;6.39;3.834
Avilés;Aralis II - Arqura Homes;76.03;1.216.181;19.92;266.928;4.98;66.732;4.31;101.716;4.3;10.148;;;;;;;15.92;213.328;10.48;140.432;8.35;11.189;;;;;;;4.22;11.605;3.55;97.625;;;4.13;2.478
Córdoba;Terrazas de Sta. Rosa / Insur;76.33;1.198.826;20.14;269.876;8.59;115.106;3.89;91.804;;;;;;;;;13.94;186.796;9.91;132.794;9.63;129.042;;;;;;;2.9;7.975;5.3;14.575;2.03;47.908;13.71;8.226
Sevilla;Pol. Aerpuerto;76.38;1.215.696;20.11;269.474;8.17;109.478;4.48;105.728;4.3;10.148;;;;;;;13.8;18.492;9.48;127.032;8.76;117.384;;;;;;;4.2;11.55;3.08;8.47;;;;
Murcia ;Balcon del Norte - Condestable;76.63;1.148.933;25.888;3.468.992;6.472;867.248;4.12;97.232;3.44;81.184;;;;;;;13.94;186.796;9.79;131.186;9.79;131.186;;;;;;;;;3.19;87.725;;;13.02;7.812
Albacete;Santa Quiteria;76.76;1.176.961;25.296;3.389.664;6.324;847.416;3.51;82.836;2.95;6.962;;;;;;;13.88;185.992;10.14;135.876;8.81;118.054;;;;;;;;;5.85;160.875;;;4.22;2.532
Pamplona;Abaigar Izarra Plaza;76.89;1.269.342;21.68;290.512;10.66;142.844;3.62;85.432;3.28;77.408;;;;;;;14.2;19.028;11.49;153.966;;;;;;;;;4.25;116.875;7.71;212.025;;;83.61;50.166
Bilbao;Luz Enea - Pryconsa;76.9;122.105;20.66;276.844;8.39;112.426;3.56;84.016;3.32;78.352;;;;;;;14.32;191.888;10.1;13.534;8.01;107.334;;;;;;;4.58;12.595;3.96;10.89;;;15.89;9.534
Albacete;Santa Quiteria;76.92;1.183.224;25.432;3.407.888;6.358;851.972;4.14;97.704;2.91;68.676;;;;;;;12.8;17.152;9.75;13.065;9.48;127.032;;;;;;;;;4.84;13.31;1.21;28.556;111.34;66.804
Teruel;Las Dalias;76.95;1.265.325;22;29.48;11.65;15.611;4.25;10.03;3.85;9.086;;;;;;;12.95;17.353;11.5;15.41;;;;;;;;;5.25;144.375;5.5;15.125;;;11.15;6.69
Sevilla;Palmas Altas Sur;77.4;115.929;24.25;32.495;11.3;15.142;5.2;12.272;;;;;;;;;13.5;18.09;9.3;12.462;8.95;11.993;;;;;;;;;4.9;13.475;;;;
Madrid;Borea Arroyo Fresno Portablanca / Fcc;77.44;1.216.805;29.87;400.258;9.66;129.444;4.69;110.684;;;;;;;;;12.94;173.396;10.97;146.998;;;;;;;;;5.4;14.85;3.91;107.525;;;11.99;7.194
;Cisneo Alto;77.78;1.244.023;19.03;255.002;8.28;110.952;5.38;126.968;;;;;;;;;14.83;198.722;9.69;129.846;9.17;122.878;;;;;;;3.4;9.35;4.45;122.375;3.55;8.378;;
;Sedalis Resid. / Realia;77.86;1.195.628;24.984;3.347.856;6.246;836.964;4.17;98.412;;;;;;;;;13.86;185.724;10.52;140.968;9.62;128.908;;;;;;;2.48;6.82;3.54;9.735;2.44;57.584;13.73;8.238
Murcia ;Balcon del Norte - Condestable;78.04;1.167.404;27.28;365.552;6.82;91.388;4.2;9.912;3.36;79.296;;;;;;;13.82;185.188;9.7;12.998;9.7;12.998;;;;;;;;;3.16;8.69;;;22.48;13.488
;Sedalis Resid. / Realia;78.07;1.250.018;23.28;311.952;5.82;77.988;3.78;89.208;;;;;;;;;13.02;174.468;10.05;13.467;9.46;126.764;;;;;;;4.5;12.375;4.78;13.145;3.38;79.768;19.65;11.79
Sevilla;Pol. Aerpuerto;78.11;1.293.199;18.24;244.416;7.97;106.798;4.94;116.584;4.59;108.324;;;;;;;12.65;16.951;10.62;142.308;8.51;114.034;;;;;;;6.39;175.725;4.2;11.55;;;;
Murcia ;Balcon del Norte - Condestable;78.33;1.171.698;27.312;3.659.808;6.828;914.952;4.2;9.912;3.4;8.024;;;;;;;13.93;186.662;9.75;13.065;9.75;13.065;;;;;;;;;3.16;8.69;;;13.27;7.962
Valladolid;Resid. Castilla;78.35;1.257.055;19.6;26.264;9.7;12.998;4.05;9.558;;;;;;;;;13.55;18.157;9.75;13.065;9.55;12.797;;;;;;;7.25;199.375;3.5;9.625;1.4;3.304;12.9;7.74
Sevilla;Macarena 40 / Aniceto;78.48;1.243.596;19.51;261.434;8.25;11.055;5.19;122.484;;;;;;;;;14.45;19.363;13;17.42;8.22;110.148;;;;;;;4.91;135.025;4.95;136.125;;;;
Sevilla;Pol. Aerpuerto;78.51;1.251.999;18.22;244.148;7.91;105.994;6.19;146.084;3.89;91.804;;;;;;;16.37;219.358;10.51;140.834;8.53;114.302;;;;;;;2.97;81.675;3.92;10.78;;;;
Sevilla;Macarena 40 / Aniceto;78.63;1.173.918;22.1;29.614;10.95;14.673;4.41;104.076;;;;;;;;;15.87;212.658;11.4;15.276;8.56;114.704;;;;;;;3.05;83.875;2.29;62.975;;;;
Córdoba;Terrazas de Sta. Rosa / Insur;78.7;1.264.916;20.43;273.762;8.79;117.786;3.91;92.276;;;;;;;;;13.57;181.838;9.97;133.598;9.41;126.094;;;;;;;4.91;135.025;5.79;159.225;1.92;45.312;15.76;9.456
Valencia;Font de San Lluis - Aproperties;78.82;1.231.799;26.976;3.614.784;6.744;903.696;3.55;8.378;3.25;7.67;;;;;;;12.61;168.974;10.41;139.494;6.97;93.398;;;;;;;1.45;39.875;4.06;11.165;2.8;6.608;6.28;3.768
Sevilla;San Jerónimo;78.97;122.486;20.46;274.164;9.44;126.496;3.76;88.736;;;;;;;;;10.53;141.102;9.75;13.065;8.03;107.602;7.9;10.586;;;;;3.89;106.975;5.21;143.275;;;2.06;1.236
Sevilla;M10 Bermejales;79.01;1.229.899;20.92;280.328;9.4;12.596;4.16;98.176;;;;;;;;;12;16.08;8.6;11.524;7.44;99.696;7.36;98.624;;;;;2.56;7.04;6.57;180.675;;;;
Pamplona;Abaigar Izarra Plaza;79.14;1.200.255;23.552;3.155.968;5.888;788.992;4.13;97.468;3.92;92.512;;;;;;;16.3;21.842;10.67;142.978;10.59;141.906;;;;;;;;;4.09;112.475;;;124.71;74.826
;SUNP-AE-1;79.26;1.247.301;19.82;265.588;7.04;94.336;4.57;107.852;;;;;;;;;13.93;186.662;8.05;10.787;8.02;107.468;8;10.72;;;;;1.12;3.08;8.71;239.525;;;;
;Essencia de Sabadell / Realia;79.61;1.217.041;24.24;324.816;9.6;12.864;4.24;100.064;;;;;;;;;11.87;159.058;11.28;151.152;10.79;144.586;;;;;;;2.59;71.225;5;13.75;;;;
;;79.83;124.353;21.17;283.678;9.58;128.372;4.35;10.266;;;;;;;;;13.29;178.086;11.17;149.678;11.09;148.606;;;;;;;5.67;155.925;3.51;96.525;;;;
Valencia;Font de San Lluis - Aproperties;80;1.246.261;27.08;362.872;6.77;90.718;3.55;8.378;3.37;79.532;;;;;;;13.36;179.024;10.85;14.539;6.97;93.398;;;;;;;1.45;39.875;4.08;11.22;2.52;59.472;5.99;3.594
Madrid;Borea Arroyo Fresno Portablanca / Fcc;80.01;1.222.536;22.99;308.066;9;12.06;4.82;113.752;;;;;;;;;16.56;221.904;10.73;143.782;8.73;116.982;;;;;;;5.47;150.425;1.71;47.025;;;107.19;64.314
Albacete;Santa Quiteria;80.03;1.233.592;23.18;310.612;6.79;90.986;4.13;97.468;3.13;73.868;;;;;;;15.93;213.462;10.07;134.938;10.62;142.308;;;;;;;;;6.18;16.995;;;61.89;37.134
;Cisneo Alto;80.11;1.261.415;22.9;30.686;10.27;137.618;7.27;171.572;;;;;;;;;14.59;195.506;8.71;116.714;8.3;11.122;;;;;;;4.21;115.775;3.86;10.615;;;30.82;18.492
Pamplona;Abaigar Izarra Plaza;80.29;1.175.933;25.5;34.17;9.53;127.702;3.52;83.072;3.51;82.836;;;;;;;14.15;18.961;11.41;152.894;10.66;142.844;;;;;;;;;2.01;55.275;;;40.28;24.168
Navarra;Optima / Ardoi;80.3;124.999;22.35;29.949;9.65;12.931;4.2;9.912;;;;;;;;;13.65;18.291;11.95;16.013;9.2;12.328;;;;;;;5.95;163.625;3.35;92.125;;;10.9;6.54
Sevilla;Macarena 40 / Aniceto;80.64;1.208.397;25.47;341.298;8.25;11.055;4.03;95.108;;;;;;;;;17.29;231.686;10.4;13.936;9.05;12.127;;;;;;;3.35;92.125;2.8;7.7;;;;
Sevilla;M10 Bermejales;80.68;1.254.674;20.77;278.318;11.05;14.807;4.16;98.176;;;;;;;;;12;16.08;8.6;11.524;7.44;99.696;7.36;98.624;;;;;2.73;75.075;6.57;180.675;;;;
;;80.86;1.255.319;23.94;320.796;9.43;126.362;3.68;86.848;2.56;60.416;;;;;;;13.86;185.724;10.54;141.236;9.18;123.012;;;;;;;;;7.67;210.925;;;;
Sevilla;Macarena 40 / Aniceto;81.05;1.328.428;20.04;268.536;12.37;165.758;3.44;81.184;;;;;;;;;12.3;16.482;10.19;136.546;8.01;107.334;;;;;;;8.06;22.165;6.64;18.26;;;;
Sevilla;Bermes II / Insur;81.2;1.290.664;24.696;3.309.264;6.174;827.316;4.7;11.092;;;;;;;;;14.11;189.074;10.06;134.804;10;13.4;;;;;;;7.22;19.855;2.46;6.765;1.78;42.008;53.62;32.172
Pamplona;Abaigar Izarra Plaza;81.28;119.618;24.96;334.464;9.61;128.774;4.02;94.872;3.57;84.252;;;;;;;14.56;195.104;11.4;15.276;11.06;148.204;;;;;;;;;2.1;5.775;;;45.14;27.084
Avilés;Aralis II - Arqura Homes;81.65;1.336.972;21.528;2.884.752;5.382;721.188;3.91;92.276;3.91;92.276;;;;;;;14.47;193.898;12.35;16.549;7.88;105.592;;;;;;;6.34;17.435;3.52;9.68;2.36;55.696;36.15;21.69
Barcelona;Themos Riera - Culmia;81.96;1.317.858;22.19;297.346;11.58;155.172;4.04;95.344;3.61;85.196;;;;;;;11.19;149.946;10.05;13.467;9.26;124.084;;;;;;;6.88;18.92;3.16;8.69;;;9.48;5.688
Valencia;Taverne Blanques - AProperties;82.07;1.179.808;27.968;3.747.712;6.992;936.928;3.97;93.692;3.88;91.568;;;;;;;13.93;186.662;13.73;183.982;11.6;15.544;;;;;;;;;;;;;;
Sevilla;M10 Bermejales;82.24;1.285.307;21.18;283.812;11.51;154.234;4.16;98.176;;;;;;;;;12;16.08;8.6;11.524;7.44;99.696;7.36;98.624;;;;;3.42;9.405;6.57;180.675;;;;
Sevilla;San Jerónimo;82.34;1.292.461;20.51;274.834;10.36;138.824;3.79;89.444;;;;;;;;;10.55;14.137;10.53;141.102;8.03;107.602;7.9;10.586;;;;;5.46;15.015;5.21;143.275;;;2.1;1.26
Sevilla;Bermes II / Insur;82.4;1.327.504;23.832;3.193.488;5.958;798.372;3.77;88.972;;;;;;;;;13.97;187.198;10.09;135.206;9.98;133.732;;;;;;;5.2;14.3;3.5;9.625;6.1;14.396;9.32;5.592
Pamplona;Abaigar Izarra Plaza;82.42;1.289.903;23.04;308.736;9.13;122.342;4.04;95.344;3.79;89.444;;;;;;;14.91;199.794;10.75;14.405;9.27;124.218;;;;;;;5.15;141.625;2.34;6.435;;;20.56;12.336
Sevilla;Pino Montano Emvisesa;82.55;131.641;20.15;27.001;8.7;11.658;3.55;8.378;3.1;7.316;;;;;;;12.8;17.152;8.65;11.591;7.75;10.385;7.75;10.385;;;;;4.05;111.375;6.05;166.375;;;;
Granada;Alma F2;82.7;129.907;23.6;31.624;8.3;11.122;4.2;9.912;;;;;;;;;14.1;18.894;11;14.74;11;14.74;;;;;;;5.8;15.95;4.7;12.925;;;13.2;7.92
Bilbao;Luz Enea - Pryconsa;82.92;1.365.312;21.61;289.574;8.48;113.632;3.68;86.848;3.38;79.768;;;;;;;14.49;194.166;9.34;125.156;9.02;120.868;;;;;;;7.14;19.635;5.78;15.895;;;62.18;37.308
Bilbao;Luz Enea - Pryconsa;83.31;1.323.744;22.06;295.604;10.02;134.268;4.13;97.468;3.07;72.452;;;;;;;15.3;20.502;9.94;133.196;9.29;124.486;;;;;;;4.45;122.375;5.05;138.875;;;18.26;10.956
Valencia;Taverne Blanques - AProperties;83.39;1.264.288;28.896;3.872.064;7.224;968.016;3.59;84.724;3.39;80.004;;;;;;;12.17;163.078;13.2;17.688;8.97;120.198;;;;;;;3.84;10.56;;;2.11;49.796;8.61;5.166
Pamplona;Abaigar Izarra Plaza;83.43;1.226.298;23.67;317.178;10.94;146.596;4.12;97.232;3.93;92.748;;;;;;;15.63;209.442;11.8;15.812;11.48;153.832;;;;;;;;;1.86;5.115;;;16.94;10.164
Granada;Alma F2;83.5;130.391;27;36.18;8.6;11.524;3.9;9.204;;;;;;;;;13.4;17.956;11.1;14.874;9.2;12.328;;;;;;;3.6;9.9;6.7;18.425;;;13.6;8.16
Sevilla;Pino Montano Emvisesa;83.6;130.882;20.15;27.001;7;9.38;3.5;8.26;3.1;7.316;;;;;;;13.2;17.688;10.95;14.673;8.95;11.993;8.15;10.921;;;;;2.5;6.875;6.1;16.775;;;;
Granada;Alma F2;83.7;132.042;24.1;32.294;8.5;11.39;4.5;10.62;;;;;;;;;13.8;18.492;10.8;14.472;10.6;14.204;;;;;;;4.7;12.925;4.7;12.925;2;4.72;15.3;9.18
Madrid;Borea Arroyo Fresno Portablanca / Fcc;84.09;127.8;25.25;33.835;10.73;143.782;4.87;114.932;;;;;;;;;15.41;206.494;10.67;142.978;9.96;133.464;;;;;;;5.47;150.425;1.73;47.575;;;12.64;7.584
;Cisneo Alto;84.49;1.332.623;24.75;33.165;8.14;109.076;6.33;149.388;;;;;;;;;12.87;172.458;11.23;150.482;10.78;144.452;;;;;;;3.36;9.24;4.31;118.525;2.72;64.192;2.64;1.584
Málaga;Guadiaro;84.54;1.283.535;24.36;326.424;6.09;81.606;4.31;101.716;;;;;;;;;13.26;177.684;10.97;146.998;9.97;133.598;8.01;107.334;;;;;3.88;10.67;3.69;101.475;;;;
Navarra;Optima / Ardoi;84.8;129.337;25.7;34.438;11.5;15.41;4.2;9.912;;;;;;;;;14.05;18.827;10.65;14.271;10.6;14.204;;;;;;;3.85;105.875;4.25;116.875;;;15.7;9.42
Valladolid;Resid. Castilla;84.9;1.312.845;22.4;30.016;10.3;13.802;4.25;10.03;;;;;;;;;15.95;21.373;12.6;16.884;10.05;13.467;;;;;;;3.15;86.625;6.2;17.05;;;90.75;54.45
;Uralita;84.93;1.395.615;20;26.8;8.39;112.426;3.59;84.724;;;;;;;;;10.98;147.132;8.7;11.658;8.4;11.256;8.62;115.508;;;;;6.12;16.83;8.03;220.825;2.1;4.956;;
Granada;Alma F2;85.3;132.812;29.1;38.994;8.9;11.926;4.6;10.856;;;;;;;;;13;17.42;10.4;13.936;9.5;12.73;;;;;;;4.6;12.65;5.2;14.3;;;9.4;5.64
;;85.42;1.354.922;22.98;307.932;13;17.42;4.72;111.392;;;;;;;;;14.47;193.898;9.7;12.998;9.05;12.127;;;;;;;2.5;6.875;9;24.75;;;;
Navarra;Optima / Ardoi;85.5;1.240.005;24.15;32.361;10.05;13.467;4.2;9.912;;;;;;;;;14.75;19.765;11.35;15.209;10.35;13.869;7;9.38;;;;;3.65;100.375;;;;;13.3;7.98
Pamplona;Abaigar Izarra Plaza;85.52;1.248.142;28;37.52;10.44;139.896;3.73;88.028;3.55;8.378;;;;;;;14.74;197.516;11.92;159.728;11.16;149.544;;;;;;;;;1.98;5.445;;;42.46;25.476
Barcelona;AQ Urban Fira;85.66;1.388.306;19.41;260.094;9.02;120.868;3.61;85.196;3.37;79.532;;;;;3.02;71.272;13.32;178.488;8.07;108.138;8.07;108.138;7.95;10.653;;;;;9.82;27.005;;;;;7.21;4.326
Sevilla;Torremagna;85.7;139.81;22.4;30.016;9.5;12.73;4.3;10.148;;;;;;;;;15.6;20.904;10.3;13.802;9;12.06;;;;;;;6.3;17.325;8.3;22.825;;;10.4;6.24
;;85.72;1.386.998;22.94;307.396;11.98;160.532;3;7.08;3;7.08;2.88;67.968;;;;;12.24;164.016;10.08;135.072;7.85;10.519;4.25;116.875;;;;;;;2.91;80.025;4.59;108.324;;
Madrid;El Pinar Caleruega - Proceparsa;85.76;1.304.851;26.56;355.904;11.42;153.028;4.43;104.548;4.21;99.356;;;;;;;13.76;184.384;10.46;140.164;10.13;135.742;;;;;;;;;4.79;131.725;;;;
Sevilla;Palmas Altas Sur;85.9;1.305.605;23.85;31.959;9.3;12.462;3.85;9.086;;;;;;;;;13.3;17.822;8.95;11.993;8.95;11.993;8.75;11.725;;;;;;;6.15;169.125;2.8;6.608;;
Sevilla;Pino Montano Emvisesa;85.95;133.575;20.5;27.47;8;10.72;4.3;10.148;3.65;8.614;;;;;;;14.7;19.698;10.4;13.936;8.6;11.524;8.5;11.39;;;;;3.9;10.725;3.4;9.35;;;;
;Taormina / Pryconsa Cantalejo;86.08;1.333.547;23.04;308.736;9.09;121.806;5.31;125.316;;;;;;;;;19.79;265.186;10.2;13.668;9.72;130.248;;;;;;;5.63;154.825;3.3;9.075;;;10.98;6.588
Zaragoza;Adarve;86.2;138.209;21.7;29.078;10.95;14.673;4.25;10.03;3.7;8.732;;;;;1.45;3.422;13.85;18.559;10.75;14.405;10.25;13.735;;;;;;;5.4;14.85;3.9;10.725;;;129.1;77.46
La Coruña;Caleida - Metrovacesa;86.4;144.876;20.4;27.336;9.1;12.194;5.2;12.272;4.5;10.62;;;;;;;15.6;20.904;8.5;11.39;8.4;11.256;;;;;;;4.3;11.825;6.5;17.875;3.9;9.204;3.7;2.22
Cuenca;Villa Roman;86.45;1.309.054;25.5;34.17;10.75;14.405;4.23;99.828;4.04;95.344;;;;;;;15;20.1;11.15;14.941;11.08;148.472;;;;;;;4.7;12.925;;;;;10.53;6.318
Albacete;Santa Quiteria;87.47;1.335.949;22.33;299.222;14.32;191.888;4.69;110.684;2.9;6.844;;;;;;;15.61;209.174;11.35;15.209;10.14;135.876;;;;;;;;;6.13;168.575;;;4.97;2.982
Zaragoza;Adarve;87.8;139.894;21.7;29.078;10.95;14.673;3.8;8.968;3.7;8.732;;;;;1.45;3.422;15.9;21.306;10.75;14.405;10.25;13.735;;;;;;;5.4;14.85;3.9;10.725;;;15.95;9.57
;;88.87;1.392.086;23.216;3.110.944;5.804;777.736;4.97;117.292;3.79;89.444;;;;;;;17.63;236.242;13.12;175.808;11.36;152.224;;;;;;;;;5.2;14.3;3.78;89.208;;
Valencia;Taverne Blanques - AProperties;88.95;1.273.428;31.936;4.279.424;7.984;1.069.856;4.06;95.816;3.93;92.748;;;;;;;14.08;188.672;14.02;187.868;12.94;173.396;;;;;;;;;;;;;6.46;3.876
Sevilla;Pol. Aerpuerto;89.32;1.447.007;22.47;301.098;7.76;103.984;3.95;9.322;3.61;85.196;;;;;;;12.06;161.604;9.18;123.012;9.16;122.744;8.86;118.724;;;;;5.76;15.84;6.51;179.025;;;;
Sevilla;Pino Montano Emvisesa;89.45;1.411.915;20.8;27.872;9.55;12.797;5.35;12.626;3.05;7.198;;;;;;;12.35;16.549;10.75;14.405;10.2;13.668;8.35;11.189;;;;;3.35;92.125;5.7;15.675;;;;
Pamplona;Abaigar Izarra Plaza;89.57;1.409.461;25.34;339.556;12.43;166.562;3.88;91.568;3.79;89.444;;;;;;;14.86;199.124;10.74;143.916;9.24;123.816;;;;;;;6.94;19.085;2.35;64.625;;;13.41;8.046
Pamplona;Abaigar Izarra Plaza;89.6;1.356.295;32.064;4.296.576;8.016;1.074.144;4.17;98.412;3.98;93.928;;;;;;;14.2;19.028;10.94;146.596;10.37;138.958;;;;;;;;;3.27;89.925;2.59;61.124;41.29;24.774
Pamplona;Abaigar Izarra Plaza;89.73;1.421.316;24.48;328.032;10.65;14.271;3.69;87.084;3.49;82.364;;;;;;;13.76;184.384;11.79;157.986;10.92;146.328;;;;;;;2.24;6.16;6.48;17.82;2.23;52.628;16.7;10.02
Zaragoza;Adarve;89.8;1.490.615;21.5;28.81;10.35;13.869;4.8;11.328;3.65;8.614;;;;;1.4;3.304;14.8;19.832;10.05;13.467;10;13.4;;;;;;;6.4;17.6;6.85;188.375;;;18.9;11.34
Sevilla;Pino Montano Emvisesa;89.85;148.527;20.55;27.537;7.55;10.117;4.2;9.912;4.15;9.794;;;;;;;11.85;15.879;9.4;12.596;9.15;12.261;8.4;11.256;;;;;3.7;10.175;8.4;23.1;2.5;5.9;;
Sevilla;Pino Montano Emvisesa;90;145.77;21.15;28.341;8.5;11.39;4.15;9.794;3.8;8.968;;;;;;;13.2;17.688;10.7;14.338;9.4;12.596;7;9.38;;;;;5.9;16.225;6.2;17.05;;;;
;Pino Montano ;90;146.856;21.6;28.944;7.2;9.648;4.4;10.384;4.2;9.912;;;;;;;13.15;17.621;11.6;15.544;8.2;10.988;7.25;9.715;;;;;12.4;34.1;;;;;;
Málaga;Guadiaro;90.05;1.404.064;23.672;3.172.048;5.918;793.012;3.49;82.364;3.01;71.036;;;;;2.46;58.056;13.71;183.714;11.35;15.209;9.09;121.806;9.03;121.002;;;;;1.33;36.575;4.09;112.475;2.9;6.844;;
Teruel;Las Dalias;90.1;141.851;24.1;32.294;12.6;16.884;4.3;10.148;4.1;9.676;;;;;;;15.75;21.105;10.35;13.869;10;13.4;;;;;;;7.55;207.625;1.35;37.125;;;17.05;10.23
La Coruña;Habitat - Torre Amura;90.1;149.747;21.3;28.542;9.2;12.328;5.4;12.744;4.2;9.912;;;;;;;12.5;16.75;12.1;16.214;10.8;14.472;;;;;;;5.2;14.3;5.9;16.225;3.5;8.26;;
La Coruña;Habitat - Torre Amura;90.5;148.474;24.3;32.562;9;12.06;5.4;12.744;4.5;10.62;;;;;;;14.2;19.028;11.5;15.41;8.5;11.39;;;;;;;4.7;12.925;4.9;13.475;3.5;8.26;;
Sevilla;Pino Montano Emvisesa;90.95;148.471;20.15;27.001;7;9.38;3.9;9.204;3.35;7.906;;;;;;;12.7;17.018;11.75;15.745;10.85;14.539;7.05;9.447;;;;;3.7;10.175;8.4;23.1;2.1;4.956;;
Córdoba;Terrazas de Sta. Rosa / Insur;90.96;1.469.826;20.31;272.154;8.61;115.374;3.92;92.512;3.93;92.748;;;;;;;13.59;182.106;9.97;133.598;10.01;134.134;7.98;106.932;;;;;4.91;135.025;5.85;160.875;1.88;44.368;6.62;3.972
Córdoba;Terrazas de Sta. Rosa / Insur;91.35;1.474.269;20.42;273.628;8.56;114.704;3.89;91.804;3.98;93.928;;;;;;;13.59;182.106;9.97;133.598;10.06;134.804;8.31;111.354;;;;;4.91;135.025;5.78;15.895;1.88;44.368;6.73;4.038
Pamplona;Abaigar Izarra Plaza;91.4;1.424.362;26.43;354.162;11.98;160.532;3.8;8.968;3.77;88.972;;;;;;;14.87;199.258;11.47;153.698;10.4;13.936;;;;;;;5.96;16.39;2.72;7.48;;;13.71;8.226
;Cisneo Alto;91.46;1.425.964;24.32;325.888;8.63;115.642;5.35;12.626;4.66;109.976;;;;;;;14.65;19.631;8.94;119.796;8.56;114.704;8.51;114.034;;;;;;;4.7;12.925;3.14;74.104;;
Granada;Alma F2;91.5;145.074;28.6;38.324;9.7;12.998;4.4;10.384;3.8;8.968;;;;;;;13.9;18.626;10.9;14.606;10.2;13.668;;;;;;;7;19.25;3;8.25;;;11.4;6.84
;Cisneo Alto;91.51;1.462.727;22.51;301.634;10.87;145.658;4.67;110.212;4.42;104.312;;;;;;;12.45;16.683;8.81;118.054;8.47;113.498;8.43;112.962;;;;;2.47;67.925;5.94;16.335;2.47;58.292;3.12;1.872
Barcelona;Themos Riera - Culmia;92.03;1.483.957;23.66;317.044;11.58;155.172;4.04;95.344;3.61;85.196;;;;;;;11.19;149.946;10.12;135.608;9.26;124.084;6.32;84.688;;;;;7.07;194.425;5.18;14.245;;;9.48;5.688
Teruel;Las Dalias;92.2;145.346;25.95;34.773;13.05;17.487;4.1;9.676;4;9.44;;;;;;;15.25;20.435;10.25;13.735;10;13.4;;;;;;;8.3;22.825;1.3;3.575;;;19.8;11.88
Granada;Alma F2;92.8;146.432;29.5;39.53;9.9;13.266;4.1;9.676;4;9.44;;;;;;;12.9;17.286;10.3;13.802;12.3;16.482;;;;;;;5.4;14.85;4.4;12.1;;;10.6;6.36
Oviedo;Alveum III - Arqura Homes;92.85;1.525.683;20.25;27.135;9.5;12.73;4.23;99.828;4.18;98.648;;;;;;;15.87;212.658;11.98;160.532;11.87;159.058;;;;;;;5.24;14.41;5.79;159.225;3.94;92.984;;
Sarriá;Esencia Sarriá;92.9;1.514.848;34;45.56;8.5;11.39;5.58;131.688;5.17;122.012;;;;;;;16.32;218.688;11.09;148.606;;;;;;;;;6.94;19.085;2.16;5.94;3.14;74.104;88.05;52.83
Murcia ;Balcon del Norte - Condestable;93.19;153.974;27.488;3.683.392;6.872;920.848;4.13;97.468;3.62;85.432;;;;;2.2;5.192;12.99;174.066;11.69;156.646;10.76;144.184;;;;;;;9.75;268.125;3.69;101.475;;;65.96;39.576
Sarriá;Esencia Sarriá;93.3;1.651.893;25.35;33.969;11.25;15.075;5.69;134.284;3.82;90.152;;;;;;;12.31;164.954;11.82;158.388;5.7;15.675;;;;;;;3.57;98.175;8.54;23.485;5.25;12.39;64.5;38.7
Granada;Alma F2;93.3;147;30.2;40.468;9.8;13.132;4.1;9.676;3.9;9.204;;;;;;;12.9;17.286;12.3;16.482;10.3;13.802;;;;;;;5.4;14.85;4.4;12.1;;;9.9;5.94
Granada;Alma F2;93.4;147.275;30.2;40.468;9.8;13.132;4.1;9.676;3.9;9.204;;;;;;;12.9;17.286;12.3;16.482;10.3;13.802;;;;;;;5.5;15.125;4.4;12.1;;;9.9;5.94
Murcia ;Balcon del Norte - Condestable;93.54;1.494.156;27.576;3.695.184;6.894;923.796;4.19;98.884;3.58;84.488;;;;;2.2;5.192;18.71;250.714;10.41;139.494;10.12;135.608;;;;;;;;;9.86;27.115;;;21.73;13.038
Sevilla;Torremagna;94.8;155.742;22;29.48;8.6;11.524;5.5;12.98;4.4;10.384;;;;;;;15.4;20.636;8.9;11.926;8.8;11.792;8;10.72;;;;;;;13.2;36.3;;;11.9;7.14
Granada;Alma F2;95.2;150.134;25.4;34.036;9.5;12.73;4.4;10.384;3.9;9.204;;;;;;;14;18.76;9.8;13.132;9.1;12.194;9.1;12.194;;;;;4.3;11.825;5.7;15.675;;;19.3;11.58
Valencia;Taverne Blanques - AProperties;95.24;1.526.686;31.912;4.276.208;7.978;1.069.052;4.58;108.088;3.77;88.972;;;;;;;13.81;185.054;11.21;150.214;9.46;126.764;4.16;11.44;;;;;2.87;78.925;2.61;71.775;2.88;67.968;;
Segovia;Construmad;95.37;1.481.688;25.63;343.442;11.38;152.492;4.65;10.974;4.32;101.952;;;;;;;15.65;20.971;12.94;173.396;12.84;172.056;;;;;;;2.85;78.375;5.11;140.525;;;2.7;1.62
Sevilla;Torremagna;95.4;152.322;24.8;33.232;9.1;12.194;3.6;8.496;3.4;8.024;;;;;1.8;4.248;14.2;19.028;10.1;13.534;8.7;11.658;8.7;11.658;;;;;;;11;30.25;;;13.1;7.86
;;95.53;1.506.254;33.57;449.838;9.6;12.864;3.69;87.084;3.69;87.084;3.27;77.172;;;1.8;4.248;12;16.08;11.55;15.477;8.55;11.457;;;;;;;;;5;13.75;2.81;66.316;;
Teruel;Las Dalias;95.55;150.909;26.85;35.979;13.15;17.621;4.5;10.62;4.1;9.676;;;;;;;16.7;22.378;10.35;13.869;9.9;13.266;;;;;;;8.7;23.925;1.3;3.575;;;101.7;61.02
;;95.6;161.515;28.5;38.19;9.45;12.663;4.8;11.328;4.25;10.03;;;;;;;13.05;17.487;8.75;11.725;8.6;11.524;;;;;;;8.55;235.125;5.85;160.875;3.8;8.968;13.4;8.04
Córdoba;Panorama - Metrovacesa;95.6;146.431;24.2;32.428;11.9;15.946;4;9.44;3.6;8.496;;;;;;;14.4;19.296;10.3;13.802;10.3;13.802;9.4;12.596;;;;;5;13.75;2.5;6.875;;;;
Madrid;El Pinar Caleruega - Proceparsa;95.91;1.456.404;29.01;388.734;18.88;252.992;5.86;138.296;4.29;101.244;;;;;;;13.7;18.358;10.14;135.876;9.23;123.682;;;;;;;;;4.8;13.2;;;59.87;35.922
Pamplona;Abaigar Izarra Plaza;96.46;1.465.346;28.82;386.188;9.84;131.856;4.09;96.524;4.03;95.108;;;;;;;19.16;256.744;12.82;171.788;11.32;151.688;;;;;;;2.46;6.765;3.92;10.78;;;32.61;19.566
Pamplona;Abaigar Izarra Plaza;96.78;1.469.634;29.02;388.868;10.15;13.601;4.09;96.524;4.03;95.108;;;;;;;19.16;256.744;12.63;169.242;11.32;151.688;;;;;;;2.46;6.765;3.92;10.78;;;61.76;37.056
Alicante;Guadarmar del Segura - Aproperties;96.95;1.663.759;30.808;4.128.272;7.702;1.032.068;5.19;122.484;2.51;59.236;;;;;;;11.82;158.388;10.05;13.467;8.58;114.972;3.08;8.47;;;;;11.96;32.89;5.25;144.375;;;;
Albacete;Santa Quiteria;97.16;1.463.848;27.08;362.872;11.49;153.966;4.13;97.468;3.2;7.552;;;;;;;15.86;212.524;10.6;14.204;10.02;134.268;8.6;11.524;;;;;;;6.18;16.995;;;4.3;2.58
Pamplona;Abaigar Izarra Plaza;97.29;1.487.697;36.952;4.951.568;9.238;1.237.892;4.11;96.996;3.77;88.972;;;;;;;14.48;194.032;10.95;14.673;10.44;139.896;;;;;;;3.51;96.525;3.84;10.56;;;132.12;79.272
Alicante;Guadarmar del Segura - Aproperties;97.69;1.522.067;32.56;436.304;8.14;109.076;4.49;105.964;3.87;91.332;;;;;;;15.95;21.373;12.16;162.944;11.02;147.668;3.41;93.775;;;;;;;4.5;12.375;1.59;37.524;6.59;3.954
Sevilla;Altos del Aire - Insur;98;1.602.241;22.44;300.696;9.22;123.548;3.84;90.624;3.36;79.296;;;;;;;13.05;17.487;10.12;135.608;10.03;134.402;9.67;129.578;;;;;9.5;26.125;3.23;88.825;3.54;83.544;;
Barcelona;Oslo Bulding;98.25;1.610.919;26.59;356.306;9.28;124.352;4.84;114.224;3.78;89.208;;;;;2.5;5.9;14.03;188.002;8.58;114.972;7.92;106.128;7.72;103.448;;;;;4.87;133.925;7.5;20.625;0.64;15.104;7.5;4.5
Valladolid;Resid. Castilla;100.05;153.54;23.6;31.624;12.05;16.147;4.85;11.446;4.15;9.794;;;;;;;15.6;20.904;12.25;16.415;10.3;13.802;9.95;13.333;;;;;7.3;20.075;;;;;117.95;70.77
Sevilla;Navalcerrada - Palmas Altas;100.2;155.85;25.9;34.706;11.1;14.874;4;9.44;3.7;8.732;2.4;5.664;;;;;13.3;17.822;13;17.42;9.4;12.596;9.4;12.596;;;;;5;13.75;3;8.25;;;19.5;11.7
Sevilla;Torremagna;100.3;163.859;22.8;30.552;8.9;11.926;3.9;9.204;3.2;7.552;;;;;;;15.6;20.904;9.3;12.462;9.3;12.462;9;12.06;;;;;5.4;14.85;3.7;10.175;9.2;21.712;;
Alicante;Thalassa - Metrovacesa ;101.8;170.573;21.1;28.274;14.9;19.966;3.5;8.26;3.5;8.26;;;;;;;13.1;17.554;9.6;12.864;9.4;12.596;6.9;9.246;;;;;4.2;11.55;13.3;36.575;2.3;5.428;16.1;9.66
Sevilla;Etna;102;165.252;24.4;32.696;10.7;14.338;4.9;11.564;4.1;9.676;;;;;2.7;6.372;13.5;18.09;10.2;13.668;9.9;13.266;9.8;13.132;;;;;5.1;14.025;6.7;18.425;;;13.6;8.16
Albacete;Santa Quiteria;103.8;1.606.923;28.408;3.806.672;7.102;951.668;3.71;87.556;3.27;77.172;;;;;;;14.33;192.022;13.65;18.291;12.14;162.676;10.92;146.328;;;;;;;10.27;282.425;;;10.67;6.402
Navarra;Optima / Ardoi;104;1.680.985;26.85;35.979;11.7;15.678;4.4;10.384;3.8;8.968;;;;;;;14.05;18.827;10.45;14.003;10.05;13.467;8.25;11.055;;;;;9.4;25.85;5.05;138.875;;;95;57
Isla Canela;Ocean Homes - Pryconsa;104.08;1.627.358;30.208;4.047.872;7.552;1.011.968;9.05;21.358;3.99;94.164;;;;;2.09;49.324;17.45;23.383;14.61;195.774;13;17.42;;;;;;;;;4.06;11.165;2.07;48.852;88.96;53.376
Gines;Azaire;104.09;1.624.972;29.18;391.012;10.25;13.735;4.01;94.636;3.93;92.748;;;;;;;15.68;210.112;11.12;149.008;9.87;132.258;9.47;126.898;;;;;5.14;14.135;5.44;14.96;;;57.25;34.35
Navarra;Optima / Ardoi;104.45;1.659.715;24.5;32.83;12.8;17.152;4.2;9.912;3.95;9.322;;;;;;;16.65;22.311;10.5;14.07;10.3;13.802;9;12.06;;;;;6.3;17.325;6.25;171.875;;;119.8;71.88
Alicante;Guadarmar del Segura - Aproperties;104.83;1.718.723;35.6;47.704;8.9;11.926;4.68;110.448;4.36;102.896;;;;;;;12.56;168.304;9.59;128.506;9.28;124.352;6.92;19.03;4.13;55.342;;;5.78;15.895;3.03;83.325;;;;
;Essencia de Sabadell / Realia;104.89;1.678.862;31.69;424.646;10.89;145.926;4.06;95.816;3.44;81.184;;;;;;;13.24;177.416;9.79;131.186;9.67;129.578;8.15;10.921;;;;;8.23;226.325;5.73;157.575;;;;
Sevilla;Bermes II / Insur;104.98;1.699.271;28.696;3.845.264;7.174;961.316;5;11.8;4.62;109.032;;;;;2.97;70.092;14.05;18.827;10.02;134.268;10.04;134.536;9.65;12.931;;;;;4.75;130.625;3.96;10.89;4.05;9.558;16.22;9.732
Segovia;Construmad;105.14;1.743.415;24.16;323.744;13.02;174.468;5.8;13.688;4.59;108.324;;;;;;;14.54;194.836;14.5;19.43;12.32;165.088;5.06;13.915;;;;;5.3;14.575;5.85;160.875;;;;
;;105.55;1.611.848;20.09;269.206;19.75;26.465;4.2;9.912;;;;;;;1.89;44.604;18.92;253.528;12.47;167.098;9.6;12.864;9.03;121.002;;;;;;;9.6;26.4;;;;
;;105.89;1.628.014;37.18;498.212;13;17.42;3.46;81.656;3.52;83.072;;;;;2.46;58.056;16.6;22.244;14.05;18.827;7.62;102.108;;;;;;;;;8;22;;;;
Albacete;Santa Quiteria;106.35;1.586.046;31.4;42.076;10.84;145.256;3.55;8.378;2.83;66.788;;;;;;;18.06;242.004;11.99;160.666;10.53;141.102;10.35;13.869;;;;;;;6.8;18.7;;;14.04;8.424
Sabadell;Jardins de Can Gambus - Metrovacesa;106.35;1.644.819;44.17;591.878;9.21;123.414;5.39;127.204;4.72;111.392;;;;;;;12.27;164.418;8.56;114.704;7.69;103.046;6.07;81.338;;;;;4.31;118.525;3.96;10.89;;;96.92;58.152
Teruel;Las Dalias;107.4;1.688.475;27.4;36.716;13.75;18.425;4.1;9.676;4.1;9.676;;;;;;;16.55;22.177;10.35;13.869;10;13.4;9.4;12.596;;;;;10.45;287.375;1.3;3.575;;;24.35;14.61
Manresa;Nova Alcoholera - Metrovacesa;107.6;183.085;29.04;389.136;7.26;97.284;4.2;9.912;3.3;7.788;;;;;;;12.8;17.152;10.4;13.936;9.9;13.266;7.9;10.586;2.7;7.425;;;9.3;25.575;8.5;23.375;2.3;5.428;12.2;7.32
;Essencia de Sabadell / Realia;107.68;174.716;29.34;393.156;10.57;141.638;4.98;117.528;4.4;10.384;;;;;2.92;68.912;13.7;18.358;9.75;13.065;9.75;13.065;9.59;128.506;;;;;4.26;11.715;8.42;23.155;;;;
Valencia;Lyra - Metrovacesa;108.1;173.219;36.56;489.904;9.14;122.476;4;9.44;3.7;8.732;;;;;;;15.1;20.234;12.9;17.286;11.6;15.544;2.9;7.975;;;;;3.4;9.35;6.8;18.7;2;4.72;;
;;108.73;1.772.324;30.184;4.044.656;7.546;1.011.164;4.42;104.312;3.77;88.972;;;;;;;15.05;20.167;11;14.74;10.44;139.896;9.88;132.392;9.55;262.625;;;;;6.89;189.475;;;;
;Taormina / Pryconsa Cantalejo;108.75;1.753.206;31.68;424.512;10.99;147.266;5.31;125.316;4.4;10.384;;;;;2.8;6.608;15.27;204.618;14.24;190.816;12.12;162.408;;;;;;;4.81;132.275;7.13;196.075;;;112.96;67.776
;;109.1;1.818.238;21.12;283.008;25.35;33.969;6.2;14.632;3.76;88.736;;;;;2.27;53.572;13.2;17.688;10.49;140.566;9.4;12.596;4.98;13.695;;;;;6.12;16.83;3;8.25;3.21;75.756;;
Madrid;Borea Arroyo Fresno Portablanca / Fcc;109.12;1.731.917;28.51;382.034;11.09;148.606;4.91;115.876;3.97;93.692;3.78;89.208;;;;;16.7;22.378;11.14;149.276;10.11;135.474;8.94;119.796;;;;;4.86;13.365;5.11;140.525;;;15.7;9.42
Pontevedra;Novolerez - Metrovacesa;109.7;178.513;32.4;43.416;10.1;13.534;5;11.8;4;9.44;;;;;3;7.08;11.9;15.946;9.6;12.864;9.6;12.864;9.6;12.864;;;;;2.9;7.975;8.6;23.65;3;7.08;;
Teruel;Las Dalias;110.5;1.762.955;24.25;32.495;17.85;23.919;4.65;10.974;3.6;8.496;;;;;;;15.55;20.837;11.25;15.075;10.25;13.735;9.05;12.127;;;;;10.35;284.625;3.7;10.175;;;138.45;83.07
Avilés;Aralis II - Arqura Homes;110.63;1.874.551;23.11;309.674;13.02;174.468;5.27;124.372;4.3;10.148;;;;;2.4;5.664;12.96;173.664;12.37;165.758;10.04;134.536;8.01;107.334;;;;;8.86;24.365;10.29;282.975;;;4.09;2.454
;;112.3;1.851.971;30.72;411.648;14.43;193.362;3.68;86.848;3.58;84.488;7.85;18.526;;;;;15.51;207.834;13.2;17.688;9.64;129.176;;;;;;;3.04;8.36;10.65;292.875;;;;
;;113.81;1.823.086;32.76;438.984;13.26;177.684;3.51;82.836;3.51;82.836;;;;;2.21;52.156;19.2;25.728;8.4;11.256;8.4;11.256;8.1;10.854;3.78;10.395;;;3.68;10.12;7;19.25;;;;
;Taormina / Pryconsa Cantalejo;113.92;1.875.968;25;33.5;11.31;151.554;5.97;140.892;3.83;90.388;;;;;2.54;59.944;19.96;267.464;10.28;137.752;9.28;124.352;8.97;120.198;;;;;6.34;17.435;7.1;19.525;3.34;78.824;7.89;4.734
Navarra;Optima / Ardoi;114;179.634;32.9;44.086;12.7;17.018;4.2;9.912;3.9;9.204;;;;;;;16.85;22.579;10.65;14.271;10.4;13.936;9.2;12.328;;;;;6.9;18.975;6.3;17.325;;;19.3;11.58
Cuenca;Villa Roman;114.65;1.850.389;25.57;342.638;13.59;182.106;5.14;121.304;4.35;10.266;;;;;;;17.38;232.892;11.16;149.544;11.03;147.802;11.02;147.668;;;;;7;19.25;8.41;231.275;;;21.55;12.93
Oviedo;Alveum III - Arqura Homes;114.89;1.879.981;26.29;352.286;12.86;172.324;4.36;102.896;4.28;101.008;;;;;;;14.88;199.392;12.48;167.232;12.12;162.408;9.08;121.672;;;;;9.43;259.325;6.78;18.645;2.33;54.988;13.18;7.908
Pontevedra;Novolerez - Metrovacesa;115.1;182.974;33.5;44.89;10.8;14.472;5.1;12.036;4.3;10.148;;;;;;;16.2;21.708;10.3;13.802;10.3;13.802;9.8;13.132;;;;;3.4;9.35;7;19.25;4.4;10.384;;
Teruel;Las Dalias;115.3;187.463;25.55;34.237;16.75;22.445;4.55;10.738;3.85;9.086;;;;;;;16.7;22.378;10.3;13.802;10.3;13.802;10;13.4;;;;;4;11;13.3;36.575;;;28.85;17.31
;;115.44;1.956.297;24.41;327.094;21.11;282.874;4.59;108.324;3.53;83.308;3.53;83.308;;;2.43;57.348;15.7;21.038;10.38;139.092;10.13;135.742;9.59;263.725;;;;;4.61;126.775;2.61;71.775;2.82;66.552;;
Madrid;Mesena - Metrovacesa ;117.6;184.611;29.3;39.262;11.2;15.008;4.8;11.328;3.6;8.496;;;;;2.2;5.192;22.8;30.552;11.1;14.874;10.7;14.338;10.4;13.936;;;;;5.7;15.675;5.8;15.95;;;13.7;8.22
;;120.7;199.718;30.5;40.87;19.7;26.398;6.8;16.048;5.1;12.036;;;;;1.9;4.484;15.6;20.904;11.9;15.946;11.5;15.41;;;;;;;6.3;17.325;8.7;23.925;2.7;6.372;;
Segovia;Construmad;121.19;1.990.441;27.08;362.872;13.04;174.736;5.67;133.812;5.42;127.912;;;;;;;14.58;195.372;12.93;173.262;12.33;165.222;12.17;163.078;5.06;13.915;;;6.44;17.71;6.47;177.925;;;2.62;1.572
Madrid;Mesena - Metrovacesa ;123.4;198.965;33.3;44.622;13.6;18.224;4.7;11.092;3.8;8.968;3.3;7.788;;;;;18.7;25.058;10.5;14.07;10.2;13.668;10;13.4;;;;;5.9;16.225;9.4;25.85;;;136.3;81.78
La Coruña;Parque Eiris - Metrovacesa;123.8;208.567;26.3;35.242;10.5;14.07;6.8;16.048;3.8;8.968;3.1;7.316;;;;;16.1;21.574;12.3;16.482;12;16.08;11.3;15.142;;;;;2.7;7.425;14.4;39.6;4.5;10.62;104.6;62.76
;;125;184.84;40;53.6;15;20.1;7;16.52;4;9.44;4;9.44;2;4.72;;;21;28.14;16;21.44;16;21.44;;;;;;;;;;;;;;
Bilbao;Luz Enea - Pryconsa;125.16;2.029.542;30.2;40.468;11.01;147.534;4.58;108.088;3.15;7.434;;;;;2.51;59.236;24.33;326.022;11.21;150.214;10.03;134.402;10.01;134.134;;;;;10.21;280.775;5.95;163.625;1.97;46.492;35.04;21.024
;;126.33;2.181.582;31.54;422.636;4.08;54.672;3.78;89.208;3.38;79.768;;;;;;;14.8;19.832;14.08;188.672;12.75;17.085;9.88;132.392;6;16.5;;;;;16.8;46.2;9.24;218.064;;
Bilbao;Luz Enea - Pryconsa;126.5;2.038.741;30.86;413.524;9.8;13.132;5.13;121.068;3.19;75.284;;;;;2.6;6.136;26.39;353.626;11.37;152.358;10.11;135.474;10.08;135.072;;;;;9.99;274.725;5.18;14.245;1.8;4.248;39.08;23.448
;;127.13;2.018.884;18.4;24.656;37.73;505.582;4.42;104.312;3.77;88.972;;;;;;;15.05;20.167;11;14.74;10.44;139.896;9.88;132.392;9.55;262.625;;;;;6.89;189.475;;;;
;;127.97;2.273.983;34.864;4.671.776;8.716;1.167.944;8.41;198.476;5.34;126.024;;;;;;;18.61;249.374;10.44;139.896;10.44;139.896;6.8;18.7;;;;;7;19.25;12.15;334.125;5.2;12.272;;
Alicante;Guadarmar del Segura - Aproperties;129.44;2.000.413;36.24;485.616;9.06;121.404;4.66;109.976;4.16;98.176;3.33;78.588;;;;;30.81;412.854;11.53;154.502;10.28;137.752;9.3;12.462;3.32;9.13;;;6.75;185.625;;;;;;
Pontevedra;Novolerez - Metrovacesa;132.8;216.265;37.7;50.518;12.6;16.884;5.8;13.688;5.6;13.216;3.7;8.732;;;;;16;21.44;11.5;15.41;11.3;15.142;11.3;15.142;;;;;4.4;12.1;9.1;25.025;3.8;8.968;;
Madrid;Borea Arroyo Fresno Portablanca / Fcc;135.25;2.132.612;36.92;494.728;12.46;166.964;4.2;9.912;4.08;96.288;2.77;65.372;;;;;21.64;289.976;12.96;173.664;12.95;17.353;12.55;16.817;;;;;7.72;21.23;7;19.25;;;28.28;16.968
Albacete;Santa Quiteria;140.84;2.228.236;31.09;416.606;9.46;126.764;6.24;147.264;4.74;111.864;;;;;;;22.23;297.882;21.79;297.882;11.22;150.348;10.81;144.854;7.02;94.068;5.73;157.575;;;10.51;289.025;;;18;10.8
;;147.75;2.586.771;36.25;48.575;14.83;198.722;6.57;155.052;3.95;9.322;;;;;3.09;72.924;13.33;178.622;12.72;170.448;12.43;166.562;10.43;139.762;7.8;21.45;;;13.26;36.465;9.65;265.375;3.44;81.184;;
Sarriá;Esencia Sarriá;158.77;2.819.513;31.42;421.028;13.99;187.466;8.11;191.396;6.45;15.222;4.28;101.008;;;3.36;79.296;15.27;204.618;13.26;177.684;10.19;136.546;10.1;13.534;7.69;103.046;9.58;26.345;11.25;309.375;7.92;21.78;5.9;13.924;15.24;9.144
;;198.7;338.087;40;53.6;28;37.52;9;21.24;6;14.16;;;;;2.2;5.192;37;49.58;14;18.76;12;16.08;12;16.08;;;;;12.5;34.375;26;71.5;;;;
