zone,promoter,total_m2,n_rooms,n_bathrooms,n_toilets,livingroom_m2,livingroom_p,kitchen_m2,kitchen_p,bathroom1_m2,bathroom1_p,bathroom2_m2,bathroom2_p,bathroom3_m2,bathroom3_p,toilet_m2,toilet_p,bdroom1_m2,bdroom1_p,bdroom2_m2,bdroom2_p,bdroom3_m2,bdroom3_p,bdroom4_m2,bdroom4_p,entrance_m2,entrance_p,corridor_m2,corridor_p,laundry_m2,laundry_p
Alicante,Thalassa - Metrovacesa ,101.80,4,2,0,21.10,28.27,14.90,19.97,3.50,8.26,3.50,8.26,,,,,13.10,17.55,9.60,12.86,9.40,12.60,6.90,9.25,4.20,11.55,13.30,36.58,2.3,5.43
Aviles,Aralis II - Arqura Homes,69.15,2,2,0,17.27,23.14,9.06,12.14,4.31,10.17,4.01,9.46,,,,,16.34,21.90,10.82,14.50,,,,,2.97,8.17,4.37,12.02,,
Aviles,Aralis II - Arqura Homes,110.63,4,2,1,23.11,30.97,13.02,17.45,5.27,12.44,4.30,10.15,,,2.40,5.66,12.96,17.37,12.37,16.58,10.04,13.45,8.01,10.73,8.86,24.37,10.29,28.30,,
Barcelona,Themos Riera - Culmia,61.79,2,2,0,20.34,27.26,8.27,11.08,3.60,8.50,3.12,7.36,,,,,10.33,13.84,8.93,11.97,,,,,4.70,12.93,2.50,6.88,,
Barcelona,AQ Llevant,68.75,3,2,0,19.30,25.86,8.95,11.99,3.65,8.61,3.55,8.38,,,,,12.45,16.68,7.50,10.05,7.35,9.85,,,2.80,7.70,3.20,8.80,,
Barcelona,AQ Llevant,69.65,3,2,0,17.05,22.85,8.35,11.19,4.00,9.44,3.90,9.20,,,,,14.10,18.89,7.90,10.59,7.55,10.12,,,3.60,9.90,2.45,6.74,0.75,1.77
Barcelona,Themos Riera - Culmia,81.96,3,2,0,22.19,29.73,11.58,15.52,4.04,9.53,3.61,8.52,,,,,11.19,14.99,10.05,13.47,9.26,12.41,,,6.88,18.92,3.16,8.69,,
Barcelona,Themos Riera - Culmia,92.03,4,2,0,23.66,31.70,11.58,15.52,4.04,9.53,3.61,8.52,,,,,11.19,14.99,10.12,13.56,9.26,12.41,6.32,8.47,7.07,19.44,5.18,14.25,,
Barcelona,AQ Urban Fira,85.66,4,2,1,19.41,26.01,9.02,12.09,3.61,8.52,3.37,7.95,,,3.02,7.13,13.32,17.85,8.07,10.81,8.07,10.81,7.95,10.65,9.82,27.01,,,,
Barcelona,Oslo Bulding,98.25,4,2,1,26.59,35.63,9.28,12.44,4.84,11.42,3.78,8.92,,,2.50,5.90,14.03,18.80,8.58,11.50,7.92,10.61,7.72,10.34,4.87,13.39,7.50,20.63,0.64,1.51
Bilbao,Luz Enea - Pryconsa,76.90,3,2,0,20.66,27.68,8.39,11.24,3.56,8.40,3.32,7.84,,,,,14.32,19.19,10.10,13.53,8.01,10.73,,,4.58,12.60,3.96,10.89,,
Bilbao,Luz Enea - Pryconsa,83.31,3,2,0,22.06,29.56,10.02,13.43,4.13,9.75,3.07,7.25,,,,,15.30,20.50,9.94,13.32,9.29,12.45,,,4.45,12.24,5.05,13.89,,
Bilbao,Luz Enea - Pryconsa,82.92,3,2,0,21.61,28.96,8.48,11.36,3.68,8.68,3.38,7.98,,,,,14.49,19.42,9.34,12.52,9.02,12.09,,,7.14,19.64,5.78,15.90,,
Bilbao,Luz Enea - Pryconsa,126.50,4,2,1,30.86,41.35,9.80,13.13,5.13,12.11,3.19,7.53,,,2.60,6.14,26.39,35.36,11.37,15.24,10.11,13.55,10.08,13.51,9.99,27.47,5.18,14.25,1.80,4.25
Bilbao,Luz Enea - Pryconsa,125.16,4,2,1,30.20,40.47,11.01,14.75,4.58,10.81,3.15,7.43,,,2.51,5.92,24.33,32.60,11.21,15.02,10.03,13.44,10.01,13.41,10.21,28.08,5.95,16.36,1.97,4.65
Cordoba,Terrazas de Sta. Rosa / Insur,68.01,2,2,0,18.91,25.34,8.39,11.24,4.31,10.17,3.81,8.99,,,,,14.62,19.59,10.65,14.27,,,,,7.32,20.13,,,,
Cordoba,Terrazas de Sta. Rosa / Insur,64.41,2,2,0,17.78,23.83,6.92,9.27,4.90,11.56,2.99,7.06,,,,,12.66,16.96,9.97,13.36,,,,,3.35,9.21,3.85,10.59,1.99,4.70
Cordoba,Terrazas de Sta. Rosa / Insur,76.33,3,1,0,20.14,26.99,8.59,11.51,3.89,9.18,,,,,,,13.94,18.68,9.91,13.28,9.63,12.90,,,2.90,7.98,5.30,14.58,2.03,4.79
Cordoba,Terrazas de Sta. Rosa / Insur,75.99,3,1,0,20.15,27.00,8.39,11.24,3.92,9.25,,,,,,,13.89,18.61,9.91,13.28,9.52,12.76,,,2.90,7.98,5.32,14.63,1.99,4.70
Cordoba,Terrazas de Sta. Rosa / Insur,78.70,3,1,0,20.43,27.38,8.79,11.78,3.91,9.23,,,,,,,13.57,18.18,9.97,13.36,9.41,12.61,,,4.91,13.50,5.79,15.92,1.92,4.53
Cordoba,Panorama - Metrovacesa,95.60,4,2,0,24.20,32.43,11.90,15.95,4.00,9.44,3.60,8.50,,,,,14.40,19.30,10.30,13.80,10.30,13.80,9.40,12.60,5.00,13.75,2.50,6.88,,
Cordoba,Terrazas de Sta. Rosa / Insur,91.35,4,2,0,20.42,27.36,8.56,11.47,3.89,9.18,3.98,9.39,,,,,13.59,18.21,9.97,13.36,10.06,13.48,8.31,11.14,4.91,13.50,5.78,15.90,1.88,4.44
Cordoba,Terrazas de Sta. Rosa / Insur,90.96,4,2,0,20.31,27.22,8.61,11.54,3.92,9.25,3.93,9.27,,,,,13.59,18.21,9.97,13.36,10.01,13.41,7.98,10.69,4.91,13.50,5.85,16.09,1.88,4.44
Cuenca,Villa Roman,86.45,3,2,0,25.50,34.17,10.75,14.41,4.23,9.98,4.04,9.53,,,,,15.00,20.10,11.15,14.94,11.08,14.85,,,4.70,12.93,,,,
Cuenca,Villa Roman,114.65,4,2,0,25.57,34.26,13.59,18.21,5.14,12.13,4.35,10.27,,,,,17.38,23.29,11.16,14.95,11.03,14.78,11.02,14.77,7.00,19.25,8.41,23.13,,
Sevilla,Azaire,104.09,4,2,0,29.18,39.10,10.25,13.74,4.01,9.46,3.93,9.27,,,,,15.68,21.01,11.12,14.90,9.87,13.23,9.47,12.69,5.14,14.14,5.44,14.96,,
Granada,Alma F2,68.60,2,1,0,26.60,35.64,9.20,12.33,4.00,9.44,,,,,,,15.50,20.77,10.70,14.34,,,,,,,2.60,7.15,,
Granada,Alma F2,68.10,2,1,0,26.60,35.64,9.00,12.06,4.00,9.44,,,,,,,15.50,20.77,10.40,13.94,,,,,,,2.60,7.15,,
Granada,Alma F2,74.80,2,1,0,31.90,42.75,8.80,11.79,4.80,11.33,,,,,,,13.50,18.09,9.60,12.86,,,,,2.40,6.60,3.80,10.45,,
Granada,Alma F2,69.80,2,2,0,21.90,29.35,8.60,11.52,4.40,10.38,4.00,9.44,,,,,13.70,18.36,10.10,13.53,,,,,2.20,6.05,4.90,13.48,,
Granada,Alma F2,67.00,2,2,0,20.30,27.20,6.10,8.17,4.40,10.38,4.20,9.91,,,,,13.40,17.96,11.10,14.87,,,,,5.20,14.30,2.30,6.33,,
Granada,Alma F2,66.00,2,2,0,19.50,26.13,6.10,8.17,4.20,9.91,4.20,9.91,,,,,13.40,17.96,11.10,14.87,,,,,5.20,14.30,2.30,6.33,,
Granada,Alma F2,67.60,2,2,0,20.80,27.87,8.50,11.39,4.00,9.44,3.90,9.20,,,,,12.20,16.35,9.00,12.06,,,,,3.60,9.90,5.60,15.40,,
Granada,Alma F2,74.20,3,1,0,21.90,29.35,9.30,12.46,4.10,9.68,,,,,,,14.30,19.16,10.00,13.40,9.90,13.27,,,2.20,6.05,2.50,6.88,,
Granada,Alma F2,85.30,3,1,0,29.10,38.99,8.90,11.93,4.60,10.86,,,,,,,13.00,17.42,10.40,13.94,9.50,12.73,,,4.60,12.65,5.20,14.30,,
Granada,Alma F2,83.50,3,1,0,27.00,36.18,8.60,11.52,3.90,9.20,,,,,,,13.40,17.96,11.10,14.87,9.20,12.33,,,3.60,9.90,6.70,18.43,,
Granada,Alma F2,82.70,3,1,0,23.60,31.62,8.30,11.12,4.20,9.91,,,,,,,14.10,18.89,11.00,14.74,11.00,14.74,,,5.80,15.95,4.70,12.93,,
Granada,Alma F2,93.30,3,2,0,30.20,40.47,9.80,13.13,4.10,9.68,3.90,9.20,,,,,12.90,17.29,12.30,16.48,10.30,13.80,,,5.40,14.85,4.40,12.10,,
Granada,Alma F2,93.40,3,2,0,30.20,40.47,9.80,13.13,4.10,9.68,3.90,9.20,,,,,12.90,17.29,12.30,16.48,10.30,13.80,,,5.50,15.13,4.40,12.10,,
Granada,Alma F2,83.70,3,1,0,24.10,32.29,8.50,11.39,4.50,10.62,,,,,,,13.80,18.49,10.80,14.47,10.60,14.20,,,4.70,12.93,4.70,12.93,2.00,4.72
Granada,Alma F2,92.80,3,2,0,29.50,39.53,9.90,13.27,4.10,9.68,4.00,9.44,,,,,12.90,17.29,10.30,13.80,12.30,16.48,,,5.40,14.85,4.40,12.10,,
Granada,Alma F2,91.50,3,2,0,28.60,38.32,9.70,13.00,4.40,10.38,3.80,8.97,,,,,13.90,18.63,10.90,14.61,10.20,13.67,,,7.00,19.25,3.00,8.25,,
Granada,Alma F2,95.20,4,2,0,25.40,34.04,9.50,12.73,4.40,10.38,3.90,9.20,,,,,14.00,18.76,9.80,13.13,9.10,12.19,9.10,12.19,4.30,11.83,5.70,15.68,,
Coruna,Caleida - Metrovacesa,70.90,2,2,0,19.60,26.26,8.10,10.85,5.20,12.27,3.50,8.26,,,,,12.20,16.35,10.30,13.80,,,,,6.00,16.50,2.80,7.70,3.20,7.55
Coruna,Caleida - Metrovacesa,69.60,2,2,0,18.30,24.52,8.10,10.85,5.20,12.27,3.50,8.26,,,,,12.20,16.35,10.30,13.80,,,,,6.00,16.50,2.80,7.70,3.20,7.55
Coruna,Caleida - Metrovacesa,70.00,2,2,0,18.00,24.12,7.80,10.45,5.70,13.45,4.00,9.44,,,,,13.00,17.42,8.50,11.39,,,,,4.90,13.48,4.90,13.48,3.20,7.55
Coruna,Habitat - Torre Amura,71.70,2,2,0,20.00,26.80,7.20,9.65,5.10,12.04,4.40,10.38,,,,,12.10,16.21,8.60,11.52,,,,,3.80,10.45,7.50,20.63,3.00,7.08
Coruna,Habitat - Torre Amura,90.50,3,2,0,24.30,32.56,9.00,12.06,5.40,12.74,4.50,10.62,,,,,14.20,19.03,11.50,15.41,8.50,11.39,,,4.70,12.93,4.90,13.48,3.50,8.26
Coruna,Habitat - Torre Amura,90.10,3,2,0,21.30,28.54,9.20,12.33,5.40,12.74,4.20,9.91,,,,,12.50,16.75,12.10,16.21,10.80,14.47,,,5.20,14.30,5.90,16.23,3.50,8.26
Coruna,Caleida - Metrovacesa,86.40,3,2,0,20.40,27.34,9.10,12.19,5.20,12.27,4.50,10.62,,,,,15.60,20.90,8.50,11.39,8.40,11.26,,,4.30,11.83,6.50,17.88,3.90,9.20
Coruna,Parque Eiris - Metrovacesa,123.80,4,3,0,26.30,35.24,10.50,14.07,6.80,16.05,3.80,8.97,3.10,7.32,,,16.10,21.57,12.30,16.48,12.00,16.08,11.30,15.14,2.70,7.43,14.40,39.60,4.50,10.62
Madrid,El Pinar Caleruega - Proceparsa,68.66,2,2,0,23.53,31.53,6.50,8.71,5.07,11.97,4.41,10.41,,,,,14.13,18.93,11.82,15.84,,,,,,,3.20,8.80,,
Madrid,Borea Arroyo Fresno Portablanca / Fcc,77.44,2,1,0,29.87,40.03,9.66,12.94,4.69,11.07,,,,,,,12.94,17.34,10.97,14.70,,,,,5.40,14.85,3.91,10.75,,
Madrid,Mesena - Metrovacesa ,72.20,2,2,0,22.10,29.61,11.20,15.01,4.10,9.68,3.80,8.97,,,,,14.60,19.56,9.70,13.00,,,,,4.30,11.83,2.40,6.60,,
Madrid,El Pinar Caleruega - Proceparsa,95.91,3,2,0,29.01,38.87,18.88,25.30,5.86,13.83,4.29,10.12,,,,,13.70,18.36,10.14,13.59,9.23,12.37,,,,,4.80,13.20,,
Madrid,Borea Arroyo Fresno Portablanca / Fcc,84.09,3,1,0,25.25,33.84,10.73,14.38,4.87,11.49,,,,,,,15.41,20.65,10.67,14.30,9.96,13.35,,,5.47,15.04,1.73,4.76,,
Madrid,El Pinar Caleruega - Proceparsa,85.76,3,2,0,26.56,35.59,11.42,15.30,4.43,10.45,4.21,9.94,,,,,13.76,18.44,10.46,14.02,10.13,13.57,,,,,4.79,13.17,,
Madrid,Borea Arroyo Fresno Portablanca / Fcc,80.01,3,1,0,22.99,30.81,9.00,12.06,4.82,11.38,,,,,,,16.56,22.19,10.73,14.38,8.73,11.70,,,5.47,15.04,1.71,4.70,,
Madrid,Mesena - Metrovacesa ,117.60,4,2,1,29.30,39.26,11.20,15.01,4.80,11.33,3.60,8.50,,,2.20,5.19,22.80,30.55,11.10,14.87,10.70,14.34,10.40,13.94,5.70,15.68,5.80,15.95,,
Madrid,Borea Arroyo Fresno Portablanca / Fcc,135.25,4,3,0,36.92,49.47,12.46,16.70,4.20,9.91,4.08,9.63,2.77,6.54,,,21.64,29.00,12.96,17.37,12.95,17.35,12.55,16.82,7.72,21.23,7.00,19.25,,
Madrid,Borea Arroyo Fresno Portablanca / Fcc,109.12,4,3,0,28.51,38.20,11.09,14.86,4.91,11.59,3.97,9.37,3.78,8.92,,,16.70,22.38,11.14,14.93,10.11,13.55,8.94,11.98,4.86,13.37,5.11,14.05,,
Madrid,Mesena - Metrovacesa ,123.40,4,3,0,33.30,44.62,13.60,18.22,4.70,11.09,3.80,8.97,3.30,7.79,,,18.70,25.06,10.50,14.07,10.20,13.67,10.00,13.40,5.90,16.23,9.40,25.85,,
Malaga,Zitizen,67.00,2,2,0,22.40,30.02,8.80,11.79,3.50,8.26,3.50,8.26,,,,,13.80,18.49,9.60,12.86,,,,,3.60,9.90,1.80,4.95,,
Malaga,Zitizen,66.10,2,2,0,21.60,28.94,8.80,11.79,3.70,8.73,3.30,7.79,,,,,12.90,17.29,9.30,12.46,,,,,4.10,11.28,2.40,6.60,,
Malaga,Zitizen,68.30,2,2,0,24.50,32.83,7.20,9.65,3.50,8.26,3.30,7.79,,,,,13.30,17.82,9.30,12.46,,,,,4.40,12.10,2.80,7.70,,
Malaga,Zitizen,71.80,3,1,0,20.20,27.07,8.50,11.39,3.80,8.97,,,,,,,12.80,17.15,9.40,12.60,8.90,11.93,,,4.00,11.00,4.20,11.55,,
Malaga,Zitizen,72.20,3,1,0,19.40,26.00,8.10,10.85,3.60,8.50,,,,,,,13.70,18.36,9.60,12.86,9.30,12.46,,,4.70,12.93,3.80,10.45,,
Malaga,Zitizen,72.20,3,1,0,20.50,27.47,8.40,11.26,3.70,8.73,,,,,,,12.90,17.29,9.30,12.46,8.80,11.79,,,2.40,6.60,6.20,17.05,,
Manresa,La Llum de Manresa - Metrovacesa,60.00,2,1,0,18.35,24.59,8.45,11.32,5.35,12.63,,,,,,,12.60,16.88,9.25,12.40,,,,,6.00,16.50,,,,
Navarra,Optima / Ardoi,84.80,3,1,0,25.70,34.44,11.50,15.41,4.20,9.91,,,,,,,14.05,18.83,10.65,14.27,10.60,14.20,,,3.85,10.59,4.25,11.69,,
Navarra,Optima / Ardoi,80.30,3,1,0,22.35,29.95,9.65,12.93,4.20,9.91,,,,,,,13.65,18.29,11.95,16.01,9.20,12.33,,,5.95,16.36,3.35,9.21,,
Navarra,Optima / Ardoi,85.50,4,1,0,24.15,32.36,10.05,13.47,4.20,9.91,,,,,,,14.75,19.77,11.35,15.21,10.35,13.87,7.00,9.38,3.65,10.04,,,,
Navarra,Optima / Ardoi,114.00,4,2,0,32.90,44.09,12.70,17.02,4.20,9.91,3.90,9.20,,,,,16.85,22.58,10.65,14.27,10.40,13.94,9.20,12.33,6.90,18.98,6.30,17.33,,
Navarra,Optima / Ardoi,104.45,4,2,0,24.50,32.83,12.80,17.15,4.20,9.91,3.95,9.32,,,,,16.65,22.31,10.50,14.07,10.30,13.80,9.00,12.06,6.30,17.33,6.25,17.19,,
Navarra,Optima / Ardoi,104.00,4,2,0,26.85,35.98,11.70,15.68,4.40,10.38,3.80,8.97,,,,,14.05,18.83,10.45,14.00,10.05,13.47,8.25,11.06,9.40,25.85,5.05,13.89,,
Oviedo,Alveum III - Arqura Homes,92.85,3,2,0,20.25,27.14,9.50,12.73,4.23,9.98,4.18,9.86,,,,,15.87,21.27,11.98,16.05,11.87,15.91,,,5.24,14.41,5.79,15.92,3.94,9.30
Oviedo,Alveum III - Arqura Homes,114.89,4,2,0,26.29,35.23,12.86,17.23,4.36,10.29,4.28,10.10,,,,,14.88,19.94,12.48,16.72,12.12,16.24,9.08,12.17,9.43,25.93,6.78,18.65,2.33,5.50
Pamplona,Abaigar Izarra Plaza,73.27,2,2,0,23.17,31.05,10.66,14.28,4.05,9.56,3.28,7.74,,,,,13.46,18.04,12.00,16.08,,,,,4.95,13.61,1.70,4.68,,
Pamplona,Abaigar Izarra Plaza,64.40,2,2,0,21.80,29.21,9.37,12.56,4.34,10.24,3.73,8.80,,,,,11.67,15.64,8.28,11.10,,,,,2.80,7.70,2.41,6.63,,
Pamplona,Abaigar Izarra Plaza,66.65,2,2,0,22.01,29.49,9.37,12.56,4.42,10.43,3.87,9.13,,,,,11.65,15.61,9.87,13.23,,,,,3.03,8.33,2.43,6.68,,
Pamplona,Abaigar Izarra Plaza,76.89,2,2,0,21.68,29.05,10.66,14.28,3.62,8.54,3.28,7.74,,,,,14.20,19.03,11.49,15.40,,,,,4.25,11.69,7.71,21.20,,
Pamplona,Abaigar Izarra Plaza,85.52,3,2,0,28.00,37.52,10.44,13.99,3.73,8.80,3.55,8.38,,,,,14.74,19.75,11.92,15.97,11.16,14.95,,,,,1.98,5.45,,
Pamplona,Abaigar Izarra Plaza,80.29,3,2,0,25.50,34.17,9.53,12.77,3.52,8.31,3.51,8.28,,,,,14.15,18.96,11.41,15.29,10.66,14.28,,,,,2.01,5.53,,
Pamplona,Abaigar Izarra Plaza,83.43,3,2,0,23.67,31.72,10.94,14.66,4.12,9.72,3.93,9.27,,,,,15.63,20.94,11.80,15.81,11.48,15.38,,,,,1.86,5.12,,
Pamplona,Abaigar Izarra Plaza,81.28,3,2,0,24.96,33.45,9.61,12.88,4.02,9.49,3.57,8.43,,,,,14.56,19.51,11.40,15.28,11.06,14.82,,,,,2.10,5.78,,
Pamplona,Abaigar Izarra Plaza,96.78,3,2,0,29.02,38.89,10.15,13.60,4.09,9.65,4.03,9.51,,,,,19.16,25.67,12.63,16.92,11.32,15.17,,,2.46,6.77,3.92,10.78,,
Pamplona,Abaigar Izarra Plaza,96.46,3,2,0,28.82,38.62,9.84,13.19,4.09,9.65,4.03,9.51,,,,,19.16,25.67,12.82,17.18,11.32,15.17,,,2.46,6.77,3.92,10.78,,
Pamplona,Abaigar Izarra Plaza,91.40,3,2,0,26.43,35.42,11.98,16.05,3.80,8.97,3.77,8.90,,,,,14.87,19.93,11.47,15.37,10.40,13.94,,,5.96,16.39,2.72,7.48,,
Pamplona,Abaigar Izarra Plaza,82.42,3,2,0,23.04,30.87,9.13,12.23,4.04,9.53,3.79,8.94,,,,,14.91,19.98,10.75,14.41,9.27,12.42,,,5.15,14.16,2.34,6.44,,
Pamplona,Abaigar Izarra Plaza,89.57,3,2,0,25.34,33.96,12.43,16.66,3.88,9.16,3.79,8.94,,,,,14.86,19.91,10.74,14.39,9.24,12.38,,,6.94,19.09,2.35,6.46,,
Pamplona,Abaigar Izarra Plaza,89.73,3,2,0,24.48,32.80,10.65,14.27,3.69,8.71,3.49,8.24,,,,,13.76,18.44,11.79,15.80,10.92,14.63,,,2.24,6.16,6.48,17.82,2.23,5.26
Pontevedra,Novolerez - Metrovacesa,115.10,4,2,0,33.50,44.89,10.80,14.47,5.10,12.04,4.30,10.15,,,,,16.20,21.71,10.30,13.80,10.30,13.80,9.80,13.13,3.40,9.35,7.00,19.25,4.40,10.38
Pontevedra,Novolerez - Metrovacesa,109.70,4,2,1,32.40,43.42,10.10,13.53,5.00,11.80,4.00,9.44,,,3.00,7.08,11.90,15.95,9.60,12.86,9.60,12.86,9.60,12.86,2.90,7.98,8.60,23.65,3.00,7.08
Pontevedra,Novolerez - Metrovacesa,132.80,4,3,0,37.70,50.52,12.60,16.88,5.80,13.69,5.60,13.22,3.70,8.73,,,16.00,21.44,11.50,15.41,11.30,15.14,11.30,15.14,4.40,12.10,9.10,25.03,3.80,8.97
Sabadell,Essencia de Sabadell / Realia,79.61,3,1,0,24.24,32.48,9.60,12.86,4.24,10.01,,,,,,,11.87,15.91,11.28,15.12,10.79,14.46,,,2.59,7.12,5.00,13.75,,
Sabadell,Jardins de Can Gambus - Metrovacesa,106.35,4,2,0,44.17,59.19,9.21,12.34,5.39,12.72,4.72,11.14,,,,,12.27,16.44,8.56,11.47,7.69,10.30,6.07,8.13,4.31,11.85,3.96,10.89,,
Sabadell,Essencia de Sabadell / Realia,104.89,4,2,0,31.69,42.46,10.89,14.59,4.06,9.58,3.44,8.12,,,,,13.24,17.74,9.79,13.12,9.67,12.96,8.15,10.92,8.23,22.63,5.73,15.76,,
Sabadell,Etna,102.00,4,2,1,24.40,32.70,10.70,14.34,4.90,11.56,4.10,9.68,,,2.70,6.37,13.50,18.09,10.20,13.67,9.90,13.27,9.80,13.13,5.10,14.03,6.70,18.43,,
Sabadell,Essencia de Sabadell / Realia,107.68,4,2,1,29.34,39.32,10.57,14.16,4.98,11.75,4.40,10.38,,,2.92,6.89,13.70,18.36,9.75,13.07,9.75,13.07,9.59,12.85,4.26,11.72,8.42,23.16,,
Sevilla,Jardines de Oriente ,43.10,1,1,0,15.50,20.77,7.70,10.32,4.50,10.62,,,,,,,12.50,16.75,,,,,,,,,2.90,7.98,,
Sevilla,Macarena 40 / Aniceto,45.97,1,1,0,18.26,24.47,7.86,10.53,4.55,10.74,,,,,,,12.02,16.11,,,,,,,3.28,9.02,,,,
Sevilla,Pino Montano ,44.70,1,1,0,16.20,21.71,7.15,9.58,3.70,8.73,,,,,,,13.35,17.89,,,,,,,4.30,11.83,,,,
Sevilla,Pino Montano ,52.85,1,1,0,18.55,24.86,8.10,10.85,5.30,12.51,,,,,,,14.20,19.03,,,,,,,6.70,18.43,,,,
Sevilla,Pino Montano Emvisesa,47.65,1,1,0,18.00,24.12,7.80,10.45,3.50,8.26,,,,,,,11.05,14.81,,,,,,,3.85,10.59,3.45,9.49,,
Sevilla,Torreblanca / Alberchigo,54.05,2,1,0,18.21,24.40,7.05,9.45,3.84,9.06,,,,,,,12.06,16.16,11.06,14.82,,,,,,,1.83,5.03,,
Sevilla,Pol. Aerpuerto,58.46,2,1,0,23.11,30.97,7.42,9.94,3.97,9.37,,,,,,,10.54,14.12,8.92,11.95,,,,,2.26,6.22,2.24,6.16,,
Sevilla,Pino Montano Emvisesa,51.70,2,1,0,17.90,23.99,7.00,9.38,3.50,8.26,,,,,,,11.40,15.28,7.85,10.52,,,,,2.20,6.05,1.85,5.09,,
Sevilla,Pol. Aerpuerto,58.35,2,1,0,18.40,24.66,7.95,10.65,3.98,9.39,,,,,,,14.54,19.48,8.93,11.97,,,,,2.30,6.33,2.25,6.19,,
Sevilla,SUNP-AE-1,57.31,2,2,0,18.33,24.56,8.23,11.03,3.36,7.93,2.37,5.59,,,,,12.93,17.33,8.76,11.74,,,,,1.10,3.03,2.23,6.13,,
Sevilla,Pino Montano ,54.90,2,1,0,16.25,21.78,7.15,9.58,4.00,9.44,,,,,,,13.40,17.96,9.80,13.13,,,,,4.30,11.83,,,,
Sevilla,M10 Bermejales,60.90,2,1,0,17.25,23.12,9.55,12.80,3.56,8.40,,,,,,,15.34,20.56,9.16,12.27,,,,,3.43,9.43,2.61,7.18,,
Sevilla,Macarena 40 / Aniceto,57.97,2,1,0,17.62,23.61,7.87,10.55,3.54,8.35,,,,,,,12.63,16.92,9.36,12.54,,,,,,,2.50,6.88,4.45,10.50
Sevilla,M10 Bermejales,53.49,2,1,0,17.19,23.03,7.26,9.73,3.50,8.26,,,,,,,10.45,14.00,9.82,13.16,,,,,2.84,7.81,2.43,6.68,,
Sevilla,M10 Bermejales,56.91,2,1,0,17.15,22.98,8.60,11.52,3.51,8.28,,,,,,,11.75,15.75,9.96,13.35,,,,,3.42,9.41,2.52,6.93,,
Sevilla,Macarena 40 / Aniceto,53.83,2,1,0,17.38,23.29,7.00,9.38,4.07,9.61,,,,,,,12.04,16.13,8.00,10.72,,,,,3.00,8.25,2.34,6.44,,
Sevilla,SUNP-AE-1,55.39,2,1,0,16.71,22.39,8.01,10.73,4.48,10.57,,,,,,,12.08,16.19,8.72,11.68,,,,,1.12,3.08,4.27,11.74,,
Sevilla,San Jeronimo,59.18,2,1,0,16.30,21.84,13.38,17.93,3.82,9.02,,,,,,,10.33,13.84,8.70,11.66,,,,,3.17,8.72,3.48,9.57,,
Sevilla,Pino Montano ,59.25,2,1,0,19.40,26.00,7.40,9.92,5.00,11.80,,,,,,,12.70,17.02,8.80,11.79,,,,,5.95,16.36,,,,
Sevilla,Pino Montano Emvisesa,59.85,2,1,0,18.70,25.06,7.00,9.38,3.50,8.26,,,,,,,14.40,19.30,9.10,12.19,,,,,3.75,10.31,3.40,9.35,,
Sevilla,Coca Cola,64.85,2,1,0,22.50,30.15,8.95,11.99,5.80,13.69,,,,,,,11.95,16.01,8.95,11.99,,,,,2.60,7.15,4.10,11.28,,
Sevilla,Coca Cola,49.60,2,1,0,16.05,21.51,7.15,9.58,4.60,10.86,,,,,,,10.45,14.00,6.30,8.44,,,,,2.80,7.70,2.25,6.19,,
Sevilla,Torremagna,68.00,2,2,0,22.30,29.88,7.90,10.59,3.80,8.97,3.20,7.55,,,,,15.80,21.17,8.50,11.39,,,,,4.30,11.83,2.20,6.05,,
Sevilla,Pino Montano Emvisesa,59.85,2,1,0,18.20,24.39,7.15,9.58,5.15,12.15,,,,,,,12.70,17.02,10.15,13.60,,,,,3.10,8.53,3.40,9.35,,
Sevilla,SUNP-AE-1,56.24,2,1,0,17.33,23.22,7.00,9.38,4.66,11.00,,,,,,,12.01,16.09,8.60,11.52,,,,,0.93,2.56,5.71,15.70,,
Sevilla,Palmas Altas Sur,58.50,2,1,0,16.90,22.65,8.25,11.06,4.50,10.62,,,,,,,12.05,16.15,9.35,12.53,,,,,2.50,6.88,4.95,13.61,,
Sevilla,Pino Montano Emvisesa,55.05,2,1,0,18.40,24.66,7.00,9.38,3.45,8.14,,,,,,,10.40,13.94,8.20,10.99,,,,,2.25,6.19,5.35,14.71,,
Sevilla,Pol. Aerpuerto,57.16,2,1,0,16.68,22.35,7.61,10.20,4.59,10.83,,,,,,,13.00,17.42,8.10,10.85,,,,,3.15,8.66,4.03,11.08,,
Sevilla,Cisneo Alto,66.74,2,2,0,18.79,25.18,8.93,11.97,4.52,10.67,3.77,8.90,,,,,14.28,19.14,9.47,12.69,,,,,2.69,7.40,2.30,6.33,1.99,4.70
Sevilla,San Jeronimo,59.30,2,1,0,17.70,23.72,10.39,13.92,3.82,9.02,,,,,,,10.33,13.84,8.70,11.66,,,,,4.88,13.42,3.48,9.57,,
Sevilla,Pino Montano Emvisesa,57.25,2,1,0,16.20,21.71,7.05,9.45,3.40,8.02,,,,,,,12.80,17.15,9.45,12.66,,,,,3.55,9.76,4.80,13.20,,
Sevilla,Macarena 40 / Aniceto,67.57,2,1,0,18.60,24.92,10.59,14.19,4.90,11.56,,,,,,,12.51,16.76,11.75,15.75,,,,,4.76,13.09,4.46,12.27,,
Sevilla,Cisneo Alto,66.73,2,1,0,18.87,25.29,12.17,16.31,4.63,10.93,,,,,,,12.54,16.80,9.13,12.23,,,,,6.61,18.18,2.78,7.65,,
Sevilla,Pino Montano Emvisesa,59.60,2,1,0,18.15,24.32,7.10,9.51,3.95,9.32,,,,,,,12.20,16.35,9.40,12.60,,,,,3.80,10.45,5.00,13.75,,
Sevilla,Cros Pirotecnia,61.89,2,1,0,18.78,25.17,8.35,11.19,3.88,9.16,,,,,,,10.67,14.30,10.07,13.49,,,,,4.52,12.43,3.73,10.26,1.89,4.46
Sevilla,Cros Pirotecnia,59.41,2,1,0,18.78,25.17,6.27,8.40,3.88,9.16,,,,,,,10.67,14.30,10.07,13.49,,,,,3.82,10.51,3.73,10.26,2.19,5.17
Sevilla,Cros Pirotecnia,63.32,2,1,0,18.21,24.40,6.98,9.35,4.44,10.48,,,,,,,12.17,16.31,10.89,14.59,,,,,6.38,17.55,2.00,5.50,2.25,5.31
Sevilla,Cros Pirotecnia,57.44,2,1,0,16.33,21.88,7.19,9.63,3.44,8.12,,,,,,,10.54,14.12,9.50,12.73,,,,,4.80,13.20,3.75,10.31,1.89,4.46
Sevilla,Pino Montano Emvisesa,57.10,2,1,0,16.00,21.44,7.00,9.38,4.20,9.91,,,,,,,11.10,14.87,8.70,11.66,,,,,2.80,7.70,5.30,14.58,2.00,4.72
Sevilla,Cros Pirotecnia,57.24,2,1,0,17.24,23.10,7.19,9.63,3.83,9.04,,,,,,,10.07,13.49,8.21,11.00,,,,,4.35,11.96,4.46,12.27,1.89,4.46
Sevilla,Pino Montano Emvisesa,59.45,2,1,0,16.55,22.18,7.35,9.85,4.55,10.74,,,,,,,11.70,15.68,9.10,12.19,,,,,4.75,13.06,5.45,14.99,,
Sevilla,Cros Pirotecnia,56.27,2,1,0,16.32,21.87,7.19,9.63,3.83,9.04,,,,,,,10.07,13.49,8.21,11.00,,,,,4.35,11.96,4.41,12.13,1.89,4.46
Sevilla,Macarena 40 / Aniceto,68.84,2,2,0,19.31,25.88,8.17,10.95,5.19,12.25,3.63,8.57,,,,,14.45,19.36,8.22,11.01,,,,,4.92,13.53,4.95,13.61,,
Sevilla,Cros Pirotecnia,60.34,2,1,0,17.64,23.64,6.97,9.34,3.89,9.18,,,,,,,10.41,13.95,8.98,12.03,,,,,5.11,14.05,5.45,14.99,1.89,4.46
Sevilla,Cros Pirotecnia,66.27,2,1,0,17.50,23.45,7.81,10.47,5.62,13.26,,,,,,,12.23,16.39,9.11,12.21,,,,,6.35,17.46,5.76,15.84,1.89,4.46
Sevilla,Macarena 40 / Aniceto,78.63,3,1,0,22.10,29.61,10.95,14.67,4.41,10.41,,,,,,,15.87,21.27,11.40,15.28,8.56,11.47,,,3.05,8.39,2.29,6.30,,
Sevilla,Palmas Altas Sur,77.40,3,1,0,24.25,32.50,11.30,15.14,5.20,12.27,,,,,,,13.50,18.09,9.30,12.46,8.95,11.99,,,,,4.90,13.48,,
Sevilla,Macarena 40 / Aniceto,73.40,3,1,0,19.62,26.29,7.95,10.65,3.76,8.87,,,,,,,15.97,21.40,10.97,14.70,9.60,12.86,,,2.75,7.56,2.78,7.65,,
Sevilla,Macarena 40 / Aniceto,80.64,3,1,0,25.47,34.13,8.25,11.06,4.03,9.51,,,,,,,17.29,23.17,10.40,13.94,9.05,12.13,,,3.35,9.21,2.80,7.70,,
Sevilla,Aniceto Saenz,71.08,3,1,0,19.62,26.29,8.08,10.83,3.53,8.33,,,,,,,14.53,19.47,10.97,14.70,8.82,11.82,,,2.75,7.56,2.78,7.65,,
Sevilla,Macarena 40 / Aniceto,67.26,3,1,0,18.76,25.14,7.34,9.84,3.65,8.61,,,,,,,13.19,17.67,10.36,13.88,8.47,11.35,,,2.28,6.27,3.21,8.83,,
Sevilla,Macarena 40 / Aniceto,71.91,3,1,0,19.69,26.38,11.87,15.91,4.87,11.49,,,,,,,12.59,16.87,8.84,11.85,8.50,11.39,,,2.78,7.65,2.77,7.62,,
Sevilla,Macarena 40 / Aniceto,69.37,3,1,0,20.29,27.19,7.14,9.57,3.44,8.12,,,,,,,12.35,16.55,10.89,14.59,8.68,11.63,,,2.82,7.76,3.76,10.34,,
Sevilla,Palmas Altas Sur,69.45,3,1,0,19.40,26.00,7.10,9.51,3.85,9.09,,,,,,,12.95,17.35,9.35,12.53,9.35,12.53,,,,,4.80,13.20,2.65,6.25
Sevilla,Macarena 40 / Aniceto,69.75,3,2,0,18.04,24.17,9.76,13.08,4.61,10.88,3.19,7.53,,,,,12.92,17.31,8.64,11.58,8.39,11.24,,,2.11,5.80,2.09,5.75,,
Sevilla,SUNP-AE-1,68.11,3,2,0,18.53,24.83,7.99,10.71,3.36,7.93,2.37,5.59,,,,,12.93,17.33,8.71,11.67,8.69,11.64,,,1.10,3.03,4.43,12.18,,
Sevilla,Pol. Aerpuerto,67.98,3,2,0,19.40,26.00,8.02,10.75,3.56,8.40,2.65,6.25,,,,,11.94,16.00,8.94,11.98,8.06,10.80,,,2.28,6.27,3.13,8.61,,
Sevilla,Pol. Aerpuerto,69.93,3,2,0,19.09,25.58,7.49,10.04,3.52,8.31,2.65,6.25,,,,,13.13,17.59,9.17,12.29,8.93,11.97,,,2.49,6.85,3.46,9.52,,
Sevilla,Pol. Aerpuerto,66.76,3,2,0,18.42,24.68,7.42,9.94,3.52,8.31,2.65,6.25,,,,,10.41,13.95,9.86,13.21,8.90,11.93,,,2.26,6.22,3.32,9.13,,
Sevilla,Cisneo Alto,74.44,3,1,0,18.88,25.30,8.03,10.76,3.75,8.85,,,,,,,12.34,16.54,12.08,16.19,10.13,13.57,,,4.04,11.11,2.54,6.99,2.65,6.25
Sevilla,Pol. Aerpuerto,66.63,3,2,0,18.60,24.92,7.42,9.94,3.58,8.45,2.45,5.78,,,,,11.61,15.56,8.90,11.93,8.34,11.18,,,2.26,6.22,3.47,9.54,,
Sevilla,Macarena 40 / Aniceto,70.90,3,1,0,18.48,24.76,10.02,13.43,4.42,10.43,,,,,,,13.97,18.72,8.46,11.34,8.00,10.72,,,3.61,9.93,3.94,10.84,,
Sevilla,Pol. Aerpuerto,68.32,3,2,0,19.36,25.94,7.49,10.04,3.60,8.50,2.65,6.25,,,,,11.54,15.46,9.29,12.45,8.53,11.43,,,2.42,6.66,3.44,9.46,,
Sevilla,Pol. Aerpuerto,66.62,3,2,0,18.38,24.63,7.42,9.94,3.52,8.31,2.65,6.25,,,,,11.59,15.53,9.10,12.19,8.04,10.77,,,2.26,6.22,3.66,10.07,,
Sevilla,Pino Montano Emvisesa,68.20,3,2,0,18.00,24.12,7.15,9.58,3.50,8.26,3.15,7.43,,,,,12.05,16.15,11.30,15.14,7.20,9.65,,,2.20,6.05,3.65,10.04,,
Sevilla,Pol. Aerpuerto,67.62,3,2,0,18.48,24.76,7.49,10.04,4.01,9.46,2.87,6.77,,,,,13.10,17.55,8.07,10.81,8.00,10.72,,,2.41,6.63,3.19,8.77,,
Sevilla,M10 Bermejales,67.95,3,1,1,19.75,26.47,10.00,13.40,3.82,9.02,,,,,2.24,5.29,10.37,13.90,7.72,10.34,7.69,10.30,,,2.56,7.04,3.80,10.45,,
Sevilla,San Jeronimo,68.84,3,1,1,19.47,26.09,9.84,13.19,3.20,7.55,,,,,2.86,6.75,11.62,15.57,7.99,10.71,7.30,9.78,,,2.58,7.10,3.98,10.95,,
Sevilla,Pino Montano Emvisesa,68.95,3,2,0,18.00,24.12,7.00,9.38,3.45,8.14,2.40,5.66,,,,,13.15,17.62,9.60,12.86,8.55,11.46,,,2.50,6.88,4.30,11.83,,
Sevilla,Pino Montano ,70.00,3,2,0,18.20,24.39,7.00,9.38,3.40,8.02,2.00,4.72,,,,,11.90,15.95,11.50,15.41,8.65,11.59,,,7.35,20.21,,,,
Sevilla,Aniceto Saez,66.78,3,2,0,18.02,24.15,7.02,9.41,2.86,6.75,2.85,6.73,,,,,12.31,16.50,8.82,11.82,8.20,10.99,,,3.22,8.86,3.48,9.57,,
Sevilla,Cisneo Alto,75.30,3,1,0,19.04,25.51,8.05,10.79,4.49,10.60,,,,,,,14.24,19.08,9.97,13.36,9.78,13.11,,,3.95,10.86,3.16,8.69,2.62,6.18
Sevilla,Pino Montano ,69.20,3,2,0,19.10,25.59,7.00,9.38,3.25,7.67,3.15,7.43,,,,,11.80,15.81,10.10,13.53,8.15,10.92,,,6.65,18.29,,,,
Sevilla,Macarena 40 / Aniceto,67.91,3,2,0,18.23,24.43,7.03,9.42,4.58,10.81,3.21,7.58,,,,,12.01,16.09,8.87,11.89,8.54,11.44,,,2.25,6.19,3.19,8.77,,
Sevilla,M10 Bermejales,69.80,3,1,1,18.93,25.37,10.00,13.40,4.41,10.41,,,,,2.40,5.66,10.91,14.62,8.50,11.39,8.15,10.92,,,2.54,6.99,3.96,10.89,,
Sevilla,Macarena 40 / Aniceto,69.94,3,2,0,18.08,24.23,7.02,9.41,3.76,8.87,2.80,6.61,,,,,13.76,18.44,9.59,12.85,8.22,11.01,,,3.22,8.86,3.49,9.60,,
Sevilla,M10 Bermejales,63.38,3,1,1,18.62,24.95,7.88,10.56,3.60,8.50,,,,,2.18,5.14,10.11,13.55,7.38,9.89,7.36,9.86,,,2.56,7.04,3.69,10.15,,
Sevilla,Cisneo Alto,80.11,3,1,0,22.90,30.69,10.27,13.76,7.27,17.16,,,,,,,14.59,19.55,8.71,11.67,8.30,11.12,,,4.21,11.58,3.86,10.62,,
Sevilla,M10 Bermejales,64.19,3,1,1,18.62,24.95,8.23,11.03,3.75,8.85,,,,,2.40,5.66,10.20,13.67,7.38,9.89,7.36,9.86,,,2.56,7.04,3.69,10.15,,
Sevilla,M10 Bermejales,65.27,3,1,1,19.20,25.73,8.42,11.28,3.67,8.66,,,,,2.18,5.14,10.28,13.78,7.41,9.93,7.39,9.90,,,3.00,8.25,3.72,10.23,,
Sevilla,Cisneo Alto,84.49,3,1,0,24.75,33.17,8.14,10.91,6.33,14.94,,,,,,,12.87,17.25,11.23,15.05,10.78,14.45,,,3.36,9.24,4.31,11.85,2.72,6.42
Sevilla,SUNP-AE-1,69.11,3,2,0,19.53,26.17,7.48,10.02,3.57,8.43,2.38,5.62,,,,,12.40,16.62,8.21,11.00,8.17,10.95,,,1.26,3.47,6.11,16.80,,
Sevilla,M10 Bermejales,66.55,3,1,1,18.81,25.21,10.02,13.43,3.60,8.50,,,,,2.18,5.14,10.11,13.55,7.38,9.89,7.34,9.84,,,3.42,9.41,3.69,10.15,,
Sevilla,Cisneo Alto,74.28,3,1,0,18.48,24.76,7.82,10.48,4.30,10.15,,,,,,,15.73,21.08,9.51,12.74,8.02,10.75,,,2.72,7.48,5.16,14.19,2.54,5.99
Sevilla,SUNP-AE-1,67.95,3,2,0,18.14,24.31,7.57,10.14,3.57,8.43,2.52,5.95,,,,,12.44,16.67,8.26,11.07,8.12,10.88,,,1.27,3.49,6.06,16.67,,
Sevilla,SUNP-AE-1,66.75,3,2,0,18.15,24.32,7.26,9.73,3.36,7.93,2.37,5.59,,,,,12.12,16.24,8.09,10.84,8.00,10.72,,,1.15,3.16,6.25,17.19,,
Sevilla,Macarena 40 / Aniceto,78.48,3,1,0,19.51,26.14,8.25,11.06,5.19,12.25,,,,,,,14.45,19.36,13.00,17.42,8.22,11.01,,,4.91,13.50,4.95,13.61,,
Sevilla,SUNP-AE-1,69.99,3,2,0,19.96,26.75,7.09,9.50,3.92,9.25,2.88,6.80,,,,,12.00,16.08,8.41,11.27,8.38,11.23,,,1.17,3.22,6.18,17.00,,
Sevilla,Pino Montano Emvisesa,69.75,3,2,0,18.00,24.12,7.10,9.51,4.15,9.79,2.25,5.31,,,,,11.75,15.75,9.75,13.07,9.15,12.26,,,2.75,7.56,4.85,13.34,,
Sevilla,Cisneo Alto,72.15,3,1,0,19.20,25.73,7.87,10.55,4.79,11.30,,,,,,,12.70,17.02,9.46,12.68,8.92,11.95,,,3.69,10.15,5.52,15.18,,
Sevilla,Pino Montano ,70.00,3,2,0,18.30,24.52,7.60,10.18,3.75,8.85,2.60,6.14,,,,,10.90,14.61,10.45,14.00,8.65,11.59,,,2.75,7.56,5.00,13.75,,
Sevilla,SUNP-AE-1,68.54,3,2,0,18.49,24.78,7.59,10.17,3.78,8.92,3.14,7.41,,,,,12.03,16.12,8.25,11.06,8.10,10.85,,,1.24,3.41,5.92,16.28,,
Sevilla,San Jeronimo,67.84,3,2,0,18.39,24.64,7.96,10.67,3.52,8.31,3.10,7.32,,,,,11.76,15.76,8.64,11.58,7.20,9.65,,,3.22,8.86,4.05,11.14,,
Sevilla,San Jeronimo,68.77,3,2,0,18.12,24.28,8.52,11.42,3.52,8.31,3.18,7.50,,,,,11.93,15.99,8.89,11.91,7.20,9.65,,,3.38,9.30,4.03,11.08,,
Sevilla,Pol. Aerpuerto,76.38,3,2,0,20.11,26.95,8.17,10.95,4.48,10.57,4.30,10.15,,,,,13.80,18.49,9.48,12.70,8.76,11.74,,,4.20,11.55,3.08,8.47,,
Sevilla,Pino Montano Emvisesa,69.95,3,2,0,18.00,24.12,7.05,9.45,3.95,9.32,2.30,5.43,,,,,11.80,15.81,9.75,13.07,9.10,12.19,,,2.40,6.60,5.60,15.40,,
Sevilla,SUNP-AE-1,68.35,3,2,0,18.19,24.37,7.26,9.73,3.38,7.98,3.36,7.93,,,,,12.60,16.88,8.13,10.89,8.01,10.73,,,1.15,3.16,6.27,17.24,,
Sevilla,Pol. Aerpuerto,78.51,3,2,0,18.22,24.41,7.91,10.60,6.19,14.61,3.89,9.18,,,,,16.37,21.94,10.51,14.08,8.53,11.43,,,2.97,8.17,3.92,10.78,,
Sevilla,Pino Montano Emvisesa,70.00,3,2,0,18.10,24.25,7.00,9.38,3.95,9.32,2.35,5.55,,,,,11.70,15.68,9.65,12.93,9.10,12.19,,,2.50,6.88,5.65,15.54,,
Sevilla,Pino Montano ,70.00,3,2,0,18.00,24.12,7.20,9.65,3.80,8.97,2.30,5.43,,,,,11.35,15.21,10.00,13.40,8.90,11.93,,,8.45,23.24,,,,
Sevilla,Cisneo Alto,77.78,3,1,0,19.03,25.50,8.28,11.10,5.38,12.70,,,,,,,14.83,19.87,9.69,12.98,9.17,12.29,,,3.40,9.35,4.45,12.24,3.55,8.38
Sevilla,Pino Montano Emvisesa,69.85,3,2,0,18.20,24.39,7.00,9.38,3.85,9.09,3.60,8.50,,,,,10.80,14.47,9.45,12.66,9.40,12.60,,,2.20,6.05,5.35,14.71,,
Sevilla,Pino Montano Emvisesa,69.30,3,2,0,18.20,24.39,7.00,9.38,4.15,9.79,2.40,5.66,,,,,11.00,14.74,9.60,12.86,8.80,11.79,,,2.50,6.88,5.65,15.54,,
Sevilla,Torreblanca / Alberchigo,69.94,3,1,1,18.09,24.24,7.73,10.36,5.10,12.04,,,,,2.92,6.89,12.05,16.15,8.37,11.22,8.37,11.22,,,7.31,20.10,,,,
Sevilla,Cisneo Alto,75.90,3,1,0,21.06,28.22,8.65,11.59,6.35,14.99,,,,,,,12.55,16.82,8.75,11.73,8.69,11.64,,,3.56,9.79,6.29,17.30,,
Sevilla,SUNP-AE-1,69.05,3,2,0,18.04,24.17,7.02,9.41,3.92,9.25,2.94,6.94,,,,,12.01,16.09,8.38,11.23,8.38,11.23,,,1.18,3.25,7.18,19.75,,
Sevilla,SUNP-AE-1,68.87,3,2,0,18.03,24.16,7.33,9.82,4.69,11.07,2.04,4.81,,,,,12.36,16.56,8.00,10.72,8.00,10.72,,,1.24,3.41,7.18,19.75,,
Sevilla,Pino Montano Emvisesa,68.65,3,2,0,18.50,24.79,7.15,9.58,3.95,9.32,2.90,6.84,,,,,12.45,16.68,8.05,10.79,7.30,9.78,,,4.55,12.51,3.80,10.45,,
Sevilla,SUNP-AE-1,70.00,3,2,0,18.23,24.43,7.07,9.47,3.92,9.25,3.81,8.99,,,,,12.13,16.25,8.50,11.39,8.14,10.91,,,1.15,3.16,7.05,19.39,,
Sevilla,Coca Cola,75.95,3,2,0,21.00,28.14,10.35,13.87,4.90,11.56,4.65,10.97,,,,,12.55,16.82,8.00,10.72,6.40,8.58,,,4.55,12.51,3.55,9.76,,
Sevilla,Pino Montano Emvisesa,69.40,3,2,0,18.45,24.72,7.00,9.38,3.90,9.20,3.35,7.91,,,,,11.45,15.34,9.15,12.26,7.40,9.92,,,2.35,6.46,6.35,17.46,,
Sevilla,Pino Montano Emvisesa,67.20,3,2,0,18.55,24.86,7.05,9.45,3.80,8.97,3.15,7.43,,,,,10.65,14.27,7.70,10.32,7.70,10.32,,,4.35,11.96,4.25,11.69,,
Sevilla,San Jeronimo,67.50,3,2,0,18.32,24.55,7.96,10.67,3.52,8.31,3.89,9.18,,,,,11.24,15.06,7.28,9.76,6.96,9.33,,,3.19,8.77,5.14,14.14,,
Sevilla,Torremagna,85.70,3,1,0,22.40,30.02,9.50,12.73,4.30,10.15,,,,,,,15.60,20.90,10.30,13.80,9.00,12.06,,,6.30,17.33,8.30,22.83,,
Sevilla,Macarena 40 / Aniceto,74.66,3,1,0,18.23,24.43,8.30,11.12,5.07,11.97,,,,,,,13.63,18.26,8.83,11.83,8.60,11.52,,,4.25,11.69,7.75,21.31,,
Sevilla,SUNP-AE-1,69.99,3,2,0,18.06,24.20,7.15,9.58,3.92,9.25,2.94,6.94,,,,,12.07,16.17,8.08,10.83,8.01,10.73,,,1.22,3.36,8.54,23.49,,
Sevilla,Macarena 40 / Aniceto,81.05,3,1,0,20.04,26.85,12.37,16.58,3.44,8.12,,,,,,,12.30,16.48,10.19,13.65,8.01,10.73,,,8.06,22.17,6.64,18.26,,
Sevilla,Pol. Aerpuerto,78.11,3,2,0,18.24,24.44,7.97,10.68,4.94,11.66,4.59,10.83,,,,,12.65,16.95,10.62,14.23,8.51,11.40,,,6.39,17.57,4.20,11.55,,
Sevilla,Palmas Altas Sur,85.90,4,1,0,23.85,31.96,9.30,12.46,3.85,9.09,,,,,,,13.30,17.82,8.95,11.99,8.95,11.99,8.75,11.73,,,6.15,16.91,2.80,6.61
Sevilla,San Jeronimo,78.97,4,1,0,20.46,27.42,9.44,12.65,3.76,8.87,,,,,,,10.53,14.11,9.75,13.07,8.03,10.76,7.90,10.59,3.89,10.70,5.21,14.33,,
Sevilla,Pino Montano Emvisesa,85.95,4,2,0,20.50,27.47,8.00,10.72,4.30,10.15,3.65,8.61,,,,,14.70,19.70,10.40,13.94,8.60,11.52,8.50,11.39,3.90,10.73,3.40,9.35,,
Sevilla,M10 Bermejales,80.68,4,1,0,20.77,27.83,11.05,14.81,4.16,9.82,,,,,,,12.00,16.08,8.60,11.52,7.44,9.97,7.36,9.86,2.73,7.51,6.57,18.07,,
Sevilla,Navalcerrada - Palmas Altas,100.20,4,3,0,25.90,34.71,11.10,14.87,4.00,9.44,3.70,8.73,2.40,5.66,,,13.30,17.82,13.00,17.42,9.40,12.60,9.40,12.60,5.00,13.75,3.00,8.25,,
Sevilla,M10 Bermejales,79.01,4,1,0,20.92,28.03,9.40,12.60,4.16,9.82,,,,,,,12.00,16.08,8.60,11.52,7.44,9.97,7.36,9.86,2.56,7.04,6.57,18.07,,
Sevilla,Cisneo Alto,91.46,4,2,0,24.32,32.59,8.63,11.56,5.35,12.63,4.66,11.00,,,,,14.65,19.63,8.94,11.98,8.56,11.47,8.51,11.40,,,4.70,12.93,3.14,7.41
Sevilla,M10 Bermejales,82.24,4,1,0,21.18,28.38,11.51,15.42,4.16,9.82,,,,,,,12.00,16.08,8.60,11.52,7.44,9.97,7.36,9.86,3.42,9.41,6.57,18.07,,
Sevilla,Pino Montano Emvisesa,83.60,4,2,0,20.15,27.00,7.00,9.38,3.50,8.26,3.10,7.32,,,,,13.20,17.69,10.95,14.67,8.95,11.99,8.15,10.92,2.50,6.88,6.10,16.78,,
Sevilla,San Jeronimo,82.34,4,1,0,20.51,27.48,10.36,13.88,3.79,8.94,,,,,,,10.55,14.14,10.53,14.11,8.03,10.76,7.90,10.59,5.46,15.02,5.21,14.33,,
Sevilla,SUNP-AE-1,79.26,4,1,0,19.82,26.56,7.04,9.43,4.57,10.79,,,,,,,13.93,18.67,8.05,10.79,8.02,10.75,8.00,10.72,1.12,3.08,8.71,23.95,,
Sevilla,Pino Montano Emvisesa,89.45,4,2,0,20.80,27.87,9.55,12.80,5.35,12.63,3.05,7.20,,,,,12.35,16.55,10.75,14.41,10.20,13.67,8.35,11.19,3.35,9.21,5.70,15.68,,
Sevilla,Pino Montano Emvisesa,82.55,4,2,0,20.15,27.00,8.70,11.66,3.55,8.38,3.10,7.32,,,,,12.80,17.15,8.65,11.59,7.75,10.39,7.75,10.39,4.05,11.14,6.05,16.64,,
Sevilla,Torremagna,95.40,4,2,1,24.80,33.23,9.10,12.19,3.60,8.50,3.40,8.02,,,1.80,4.25,14.20,19.03,10.10,13.53,8.70,11.66,8.70,11.66,,,11.00,30.25,,
Sevilla,Cisneo Alto,91.51,4,2,0,22.51,30.16,10.87,14.57,4.67,11.02,4.42,10.43,,,,,12.45,16.68,8.81,11.81,8.47,11.35,8.43,11.30,2.47,6.79,5.94,16.34,2.47,5.83
Sevilla,Pino Montano Emvisesa,90.00,4,2,0,21.15,28.34,8.50,11.39,4.15,9.79,3.80,8.97,,,,,13.20,17.69,10.70,14.34,9.40,12.60,7.00,9.38,5.90,16.23,6.20,17.05,,
Sevilla,Pol. Aerpuerto,89.32,4,2,0,22.47,30.11,7.76,10.40,3.95,9.32,3.61,8.52,,,,,12.06,16.16,9.18,12.30,9.16,12.27,8.86,11.87,5.76,15.84,6.51,17.90,,
Sevilla,Pino Montano ,90.00,4,2,0,21.60,28.94,7.20,9.65,4.40,10.38,4.20,9.91,,,,,13.15,17.62,11.60,15.54,8.20,10.99,7.25,9.72,12.40,34.10,,,,
Sevilla,Pino Montano Emvisesa,90.95,4,2,0,20.15,27.00,7.00,9.38,3.90,9.20,3.35,7.91,,,,,12.70,17.02,11.75,15.75,10.85,14.54,7.05,9.45,3.70,10.18,8.40,23.10,2.10,4.96
Sevilla,Torremagna,100.30,4,2,0,22.80,30.55,8.90,11.93,3.90,9.20,3.20,7.55,,,,,15.60,20.90,9.30,12.46,9.30,12.46,9.00,12.06,5.40,14.85,3.70,10.18,9.20,21.71
Sevilla,Altos del Aire - Insur,98.00,4,2,0,22.44,30.07,9.22,12.35,3.84,9.06,3.36,7.93,,,,,13.05,17.49,10.12,13.56,10.03,13.44,9.67,12.96,9.50,26.13,3.23,8.88,3.54,8.35
Sevilla,Torremagna,94.80,4,2,0,22.00,29.48,8.60,11.52,5.50,12.98,4.40,10.38,,,,,15.40,20.64,8.90,11.93,8.80,11.79,8.00,10.72,,,13.20,36.30,,
Sevilla,Pino Montano Emvisesa,89.85,4,2,0,20.55,27.54,7.55,10.12,4.20,9.91,4.15,9.79,,,,,11.85,15.88,9.40,12.60,9.15,12.26,8.40,11.26,3.70,10.18,8.40,23.10,2.50,5.90
Teruel,Las Dalias,76.95,2,2,0,22.00,29.48,11.65,15.61,4.25,10.03,3.85,9.09,,,,,12.95,17.35,11.50,15.41,,,,,5.25,14.44,5.50,15.13,,
Teruel,Las Dalias,90.10,3,2,0,24.10,32.29,12.60,16.88,4.30,10.15,4.10,9.68,,,,,15.75,21.11,10.35,13.87,10.00,13.40,,,7.55,20.76,1.35,3.71,,
Teruel,Las Dalias,92.20,3,2,0,25.95,34.77,13.05,17.49,4.10,9.68,4.00,9.44,,,,,15.25,20.44,10.25,13.74,10.00,13.40,,,8.30,22.83,1.30,3.58,,
Teruel,Las Dalias,95.55,3,2,0,26.85,35.98,13.15,17.62,4.50,10.62,4.10,9.68,,,,,16.70,22.38,10.35,13.87,9.90,13.27,,,8.70,23.93,1.30,3.58,,
Teruel,Las Dalias,107.40,4,2,0,27.40,36.72,13.75,18.43,4.10,9.68,4.10,9.68,,,,,16.55,22.18,10.35,13.87,10.00,13.40,9.40,12.60,10.45,28.74,1.30,3.58,,
Teruel,Las Dalias,110.50,4,2,0,24.25,32.50,17.85,23.92,4.65,10.97,3.60,8.50,,,,,15.55,20.84,11.25,15.08,10.25,13.74,9.05,12.13,10.35,28.46,3.70,10.18,,
Teruel,Las Dalias,115.30,4,2,0,25.55,34.24,16.75,22.45,4.55,10.74,3.85,9.09,,,,,16.70,22.38,10.30,13.80,10.30,13.80,10.00,13.40,4.00,11.00,13.30,36.58,,
Valladolid,Resid. Castilla,68.10,2,1,0,19.20,25.73,9.45,12.66,4.40,10.38,,,,,,,15.10,20.23,10.15,13.60,,,,,7.55,20.76,1.00,2.75,1.25,2.95
Valladolid,Resid. Castilla,84.90,3,1,0,22.40,30.02,10.30,13.80,4.25,10.03,,,,,,,15.95,21.37,12.60,16.88,10.05,13.47,,,3.15,8.66,6.20,17.05,,
Valladolid,Resid. Castilla,78.35,3,1,0,19.60,26.26,9.70,13.00,4.05,9.56,,,,,,,13.55,18.16,9.75,13.07,9.55,12.80,,,7.25,19.94,3.50,9.63,1.40,3.30
Valladolid,Resid. Castilla,100.05,4,2,0,23.60,31.62,12.05,16.15,4.85,11.45,4.15,9.79,,,,,15.60,20.90,12.25,16.42,10.30,13.80,9.95,13.33,7.30,20.08,,,,
Zaragoza,Adarve,87.80,3,2,1,21.70,29.08,10.95,14.67,3.80,8.97,3.70,8.73,,,1.45,3.42,15.90,21.31,10.75,14.41,10.25,13.74,,,5.40,14.85,3.90,10.73,,
Zaragoza,Adarve,86.20,3,2,1,21.70,29.08,10.95,14.67,4.25,10.03,3.70,8.73,,,1.45,3.42,13.85,18.56,10.75,14.41,10.25,13.74,,,5.40,14.85,3.90,10.73,,
Zaragoza,Adarve,89.80,3,2,1,21.50,28.81,10.35,13.87,4.80,11.33,3.65,8.61,,,1.40,3.30,14.80,19.83,10.05,13.47,10.00,13.40,,,6.40,17.60,6.85,18.84,,
