zone,promoter,total_m2,n_rooms,n_bathrooms,n_toilets,avg_area_per_room,avg_perimeter_per_room,avg_area_per_bedroom,avg_perimeter_per_bedroom,avg_area_per_bathroom,avg_perimeter_per_bathroom,avg_area_per_toilet,avg_perimeter_per_toilet,area_to_perimeter_ratio,bathroom_area_to_total_area_ratio,bedroom_area_to_total_area_ratio,toilet_area_to_total_area_ratio,kitchen_area_to_total_area_ratio,livingroom_area_to_total_area_ratio,corridor_area_to_total_area_ratio,bathrooms_to_rooms_ratio,toilets_to_rooms_ratio,bedrooms_to_rooms_ratio,livingroom_perimeter_to_total_perimeter_ratio,kitchen_perimeter_to_total_perimeter_ratio,bedroom_perimeter_to_total_perimeter_ratio,bathroom_perimeter_to_total_perimeter_ratio,livingroom_m2,livingroom_p,kitchen_m2,kitchen_p,bathroom1_m2,bathroom1_p,bathroom2_m2,bathroom2_p,bathroom3_m2,bathroom3_p,toilet_m2,toilet_p,bdroom1_m2,bdroom1_p,bdroom2_m2,bdroom2_p,bdroom3_m2,bdroom3_p,bdroom4_m2,bdroom4_p,entrance_m2,entrance_p,corridor_m2,corridor_p,laundry_m2,laundry_p
Alicante,Thalassa - Metrovacesa ,101.8,4,2,0,16.96666667,19.50333333,9.75,13.065,3.5,8.26,0,0,0.869936763,0.068762279,0.383104126,0,0.146365422,0.207269155,0.13064833,0.5,0,0.666666667,0.241582635,0.170654589,0.446590326,0.141172449,21.1,28.27,14.9,19.97,3.5,8.26,3.5,8.26,0,0,0,0,13.1,17.55,9.6,12.86,9.4,12.6,6.9,9.25,4.2,11.55,13.3,36.58,2.3,5.43
Aviles,Aralis II - Arqura Homes,69.15,2,2,0,17.2875,22.8275,13.58,18.2,4.16,9.815,0,0,0.757310262,0.120318149,0.392769342,0,0.131019523,0.249746927,0.063195951,1,0,0.5,0.253422407,0.132953674,0.398641989,0.21498193,17.27,23.14,9.06,12.14,4.31,10.17,4.01,9.46,0,0,0,0,16.34,21.9,10.82,14.5,0,0,0,0,2.97,8.17,4.37,12.02,0,0
Aviles,Aralis II - Arqura Homes,110.63,4,2,1,15.80428571,19.25714286,10.845,14.5325,4.785,11.295,2.4,5.66,0.820697329,0.086504565,0.39211787,0.021693935,0.117689596,0.208894513,0.093012745,0.5,0.25,0.571428571,0.229747774,0.129451039,0.431231454,0.167581602,23.11,30.97,13.02,17.45,5.27,12.44,4.3,10.15,0,0,2.4,5.66,12.96,17.37,12.37,16.58,10.04,13.45,8.01,10.73,8.86,24.37,10.29,28.3,0,0
Barcelona,Themos Riera - Culmia,61.79,2,2,0,15.4475,20.0025,9.63,12.905,3.36,7.93,0,0,0.772278465,0.108755462,0.311700922,0,0.133840427,0.329179479,0.040459621,1,0,0.5,0.340707412,0.13848269,0.322584677,0.198225222,20.34,27.26,8.27,11.08,3.6,8.5,3.12,7.36,0,0,0,0,10.33,13.84,8.93,11.97,0,0,0,0,4.7,12.93,2.5,6.88,0,0
Barcelona,AQ Llevant,68.75,3,2,0,13.75,18.284,9.1,12.19333333,3.6,8.495,0,0,0.752023627,0.104727273,0.397090909,0,0.130181818,0.280727273,0.046545455,0.666666667,0,0.6,0.282870269,0.131152921,0.400131262,0.185845548,19.3,25.86,8.95,11.99,3.65,8.61,3.55,8.38,0,0,0,0,12.45,16.68,7.5,10.05,7.35,9.85,0,0,2.8,7.7,3.2,8.8,0,0
Barcelona,AQ Llevant,69.65,3,2,0,13.93,18.456,9.85,13.2,3.95,9.32,0,0,0.754768097,0.113424264,0.424264178,0,0.11988514,0.244795406,0.035175879,0.666666667,0,0.6,0.247615951,0.121261378,0.429128739,0.201993932,17.05,22.85,8.35,11.19,4,9.44,3.9,9.2,0,0,0,0,14.1,18.89,7.9,10.59,7.55,10.12,0,0,3.6,9.9,2.45,6.74,0.75,1.77
Barcelona,Themos Riera - Culmia,81.96,3,2,0,16.392,20.834,10.16666667,13.62333333,3.825,9.025,0,0,0.786790823,0.093338214,0.372132748,0,0.141288433,0.270741825,0.038555393,0.666666667,0,0.6,0.285398867,0.148987232,0.392339445,0.173274455,22.19,29.73,11.58,15.52,4.04,9.53,3.61,8.52,0,0,0,0,11.19,14.99,10.05,13.47,9.26,12.41,0,0,6.88,18.92,3.16,8.69,0,0
Barcelona,Themos Riera - Culmia,92.03,4,2,0,15.33833333,19.11666667,9.2225,12.3575,3.825,9.025,0,0,0.802353967,0.083125068,0.40084755,0,0.125828534,0.257090079,0.056285994,0.5,0,0.666666667,0.276373147,0.135309503,0.430950305,0.157367044,23.66,31.7,11.58,15.52,4.04,9.53,3.61,8.52,0,0,0,0,11.19,14.99,10.12,13.56,9.26,12.41,6.32,8.47,7.07,19.44,5.18,14.25,0,0
Barcelona,AQ Urban Fira,85.66,4,2,1,12.23714286,15.97428571,9.3525,12.53,3.49,8.235,3.02,7.13,0.766052585,0.08148494,0.436726594,0.035255662,0.105300023,0.226593509,0,0.5,0.25,0.571428571,0.232605974,0.108120193,0.448220354,0.147290288,19.41,26.01,9.02,12.09,3.61,8.52,3.37,7.95,0,0,3.02,7.13,13.32,17.85,8.07,10.81,8.07,10.81,7.95,10.65,9.82,27.01,0,0,0,0
Barcelona,Oslo Bulding,98.25,4,2,1,14.03571429,17.93714286,9.5625,12.8125,4.31,10.17,2.5,5.9,0.782494425,0.087735369,0.389312977,0.025445293,0.094452926,0.270636132,0.076335878,0.5,0.25,0.571428571,0.283768716,0.099076139,0.408171392,0.161994266,26.59,35.63,9.28,12.44,4.84,11.42,3.78,8.92,0,0,2.5,5.9,14.03,18.8,8.58,11.5,7.92,10.61,7.72,10.34,4.87,13.39,7.5,20.63,0.64,1.51
Bilbao,Luz Enea - Pryconsa,76.9,3,2,0,15.38,19.722,10.81,14.48333333,3.44,8.12,0,0,0.779839773,0.08946684,0.421716515,0,0.109102731,0.268660598,0.051495449,0.666666667,0,0.6,0.280701754,0.113984383,0.440624683,0.16468918,20.66,27.68,8.39,11.24,3.56,8.4,3.32,7.84,0,0,0,0,14.32,19.19,10.1,13.53,8.01,10.73,0,0,4.58,12.6,3.96,10.89,0,0
Bilbao,Luz Enea - Pryconsa,83.31,3,2,0,16.662,21.252,11.51,15.42333333,3.6,8.5,0,0,0.784020327,0.086424199,0.414476053,0,0.120273677,0.264794142,0.060616973,0.666666667,0,0.6,0.278185583,0.126388105,0.43544137,0.159984943,22.06,29.56,10.02,13.43,4.13,9.75,3.07,7.25,0,0,0,0,15.3,20.5,9.94,13.32,9.29,12.45,0,0,4.45,12.24,5.05,13.89,0,0
Bilbao,Luz Enea - Pryconsa,82.92,3,2,0,16.584,20.202,10.95,14.67666667,3.53,8.33,0,0,0.820908821,0.085142306,0.396164978,0,0.102267246,0.260612639,0.06970574,0.666666667,0,0.6,0.286704287,0.112464112,0.435897436,0.164934165,21.61,28.96,8.48,11.36,3.68,8.68,3.38,7.98,0,0,0,0,14.49,19.42,9.34,12.52,9.02,12.09,0,0,7.14,19.64,5.78,15.9,0,0
Bilbao,Luz Enea - Pryconsa,126.5,4,2,1,18.07142857,22.56,14.4875,19.415,4.16,9.82,2.6,6.14,0.801038501,0.065770751,0.458102767,0.02055336,0.077470356,0.243952569,0.040948617,0.5,0.25,0.571428571,0.261841439,0.083143364,0.491767984,0.124366768,30.86,41.35,9.8,13.13,5.13,12.11,3.19,7.53,0,0,2.6,6.14,26.39,35.36,11.37,15.24,10.11,13.55,10.08,13.51,9.99,27.47,5.18,14.25,1.8,4.25
Bilbao,Luz Enea - Pryconsa,125.16,4,2,1,17.88,21.97857143,13.895,18.6175,3.865,9.12,2.51,5.92,0.813519662,0.061760946,0.444071588,0.02005433,0.087967402,0.241291147,0.04753915,0.5,0.25,0.571428571,0.263048424,0.095872603,0.484042899,0.118557036,30.2,40.47,11.01,14.75,4.58,10.81,3.15,7.43,0,0,2.51,5.92,24.33,32.6,11.21,15.02,10.03,13.44,10.01,13.41,10.21,28.08,5.95,16.36,1.97,4.65
Cordoba,Terrazas de Sta. Rosa / Insur,68.01,2,2,0,17.0025,22.4,12.635,16.93,4.06,9.58,0,0,0.759040179,0.119394207,0.371563005,0,0.123364211,0.278047346,0,1,0,0.5,0.2828125,0.125446429,0.377901786,0.213839286,18.91,25.34,8.39,11.24,4.31,10.17,3.81,8.99,0,0,0,0,14.62,19.59,10.65,14.27,0,0,0,0,7.32,20.13,0,0,0,0
Cordoba,Terrazas de Sta. Rosa / Insur,64.41,2,2,0,16.1025,20.51,11.315,15.16,3.945,9.31,0,0,0.785104827,0.122496507,0.351342959,0,0.107436733,0.276044093,0.059773327,1,0,0.5,0.290468064,0.112993662,0.369575817,0.226962457,17.78,23.83,6.92,9.27,4.9,11.56,2.99,7.06,0,0,0,0,12.66,16.96,9.97,13.36,0,0,0,0,3.35,9.21,3.85,10.59,1.99,4.7
Cordoba,Terrazas de Sta. Rosa / Insur,76.33,3,1,0,19.0825,23.135,11.16,14.95333333,3.89,9.18,0,0,0.824832505,0.050962924,0.438621774,0,0.112537665,0.263854317,0.069435347,0.333333333,0,0.75,0.291657662,0.124378647,0.484763346,0.099200346,20.14,26.99,8.59,11.51,3.89,9.18,0,0,0,0,0,0,13.94,18.68,9.91,13.28,9.63,12.9,0,0,2.9,7.98,5.3,14.58,2.03,4.79
Cordoba,Terrazas de Sta. Rosa / Insur,75.99,3,1,0,18.9975,23.035,11.10666667,14.88333333,3.92,9.25,0,0,0.824723247,0.051585735,0.438478747,0,0.110409264,0.265166469,0.070009212,0.333333333,0,0.75,0.293032342,0.121988279,0.484588669,0.10039071,20.15,27,8.39,11.24,3.92,9.25,0,0,0,0,0,0,13.89,18.61,9.91,13.28,9.52,12.76,0,0,2.9,7.98,5.32,14.63,1.99,4.7
Cordoba,Terrazas de Sta. Rosa / Insur,78.7,3,1,0,19.675,23.135,10.98333333,14.71666667,3.91,9.23,0,0,0.850443052,0.049682338,0.418678526,0,0.111689962,0.259593393,0.073570521,0.333333333,0,0.75,0.295872055,0.127296304,0.477090988,0.099740653,20.43,27.38,8.79,11.78,3.91,9.23,0,0,0,0,0,0,13.57,18.18,9.97,13.36,9.41,12.61,0,0,4.91,13.5,5.79,15.92,1.92,4.53
Cordoba,Panorama - Metrovacesa,95.6,4,2,0,15.93333333,20.97,11.1,14.875,3.8,8.97,0,0,0.75981561,0.079497908,0.464435146,0,0.124476987,0.253138075,0.026150628,0.5,0,0.666666667,0.257749165,0.126768399,0.47289779,0.142584645,24.2,32.43,11.9,15.95,4,9.44,3.6,8.5,0,0,0,0,14.4,19.3,10.3,13.8,10.3,13.8,9.4,12.6,5,13.75,2.5,6.88,0,0
Cordoba,Terrazas de Sta. Rosa / Insur,91.35,4,2,0,15.225,18.93166667,10.4825,14.0475,3.935,9.285,0,0,0.804208117,0.086152162,0.459003831,0,0.093705528,0.223535851,0.063273125,0.5,0,0.666666667,0.240866273,0.100977199,0.494673827,0.163482701,20.42,27.36,8.56,11.47,3.89,9.18,3.98,9.39,0,0,0,0,13.59,18.21,9.97,13.36,10.06,13.48,8.31,11.14,4.91,13.5,5.78,15.9,1.88,4.44
Cordoba,Terrazas de Sta. Rosa / Insur,90.96,4,2,0,15.16,18.825,10.3875,13.9175,3.925,9.26,0,0,0.805312085,0.086301671,0.456794195,0,0.094656992,0.22328496,0.064313984,0.5,0,0.666666667,0.240991589,0.102169101,0.492872953,0.163966357,20.31,27.22,8.61,11.54,3.92,9.25,3.93,9.27,0,0,0,0,13.59,18.21,9.97,13.36,10.01,13.41,7.98,10.69,4.91,13.5,5.85,16.09,1.88,4.44
Cuenca,Villa Roman,86.45,3,2,0,17.29,23.596,12.41,16.63,4.135,9.755,0,0,0.732751314,0.095662233,0.430653557,0,0.124349335,0.29496819,0,0.666666667,0,0.6,0.28962536,0.122139346,0.422868283,0.165367011,25.5,34.17,10.75,14.41,4.23,9.98,4.04,9.53,0,0,0,0,15,20.1,11.15,14.94,11.08,14.85,0,0,4.7,12.93,0,0,0,0
Cuenca,Villa Roman,114.65,4,2,0,19.10833333,23.77666667,12.6475,16.9475,4.745,11.2,0,0,0.803659049,0.082773659,0.441255997,0,0.118534671,0.223026603,0.073353685,0.5,0,0.666666667,0.240151409,0.127646152,0.475185756,0.157016683,25.57,34.26,13.59,18.21,5.14,12.13,4.35,10.27,0,0,0,0,17.38,23.29,11.16,14.95,11.03,14.78,11.02,14.77,7,19.25,8.41,23.13,0,0
Sevilla,Azaire,104.09,4,2,0,17.34833333,22.23333333,11.535,15.4575,3.97,9.365,0,0,0.780284858,0.076280142,0.443270247,0,0.098472476,0.280334326,0.052262465,0.5,0,0.666666667,0.293103448,0.102998501,0.463493253,0.140404798,29.18,39.1,10.25,13.74,4.01,9.46,3.93,9.27,0,0,0,0,15.68,21.01,11.12,14.9,9.87,13.23,9.47,12.69,5.14,14.14,5.44,14.96,0,0
Granada,Alma F2,68.6,2,1,0,22.86666667,30.84,13.1,17.555,4,9.44,0,0,0.741461306,0.058309038,0.381924198,0,0.134110787,0.387755102,0.037900875,0.5,0,0.666666667,0.385214008,0.133268482,0.379485517,0.102031993,26.6,35.64,9.2,12.33,4,9.44,0,0,0,0,0,0,15.5,20.77,10.7,14.34,0,0,0,0,0,0,2.6,7.15,0,0
Granada,Alma F2,68.1,2,1,0,22.7,30.61666667,12.95,17.355,4,9.44,0,0,0.741426238,0.058737151,0.380323054,0,0.13215859,0.390602056,0.038179148,0.5,0,0.666666667,0.388023952,0.131301034,0.377898748,0.102776266,26.6,35.64,9,12.06,4,9.44,0,0,0,0,0,0,15.5,20.77,10.4,13.94,0,0,0,0,0,0,2.6,7.15,0,0
Granada,Alma F2,74.8,2,1,0,24.93333333,32.27333333,11.55,15.475,4.8,11.33,0,0,0.772567651,0.064171123,0.308823529,0,0.117647059,0.426470588,0.050802139,0.5,0,0.666666667,0.441541004,0.121772361,0.319665358,0.117021277,31.9,42.75,8.8,11.79,4.8,11.33,0,0,0,0,0,0,13.5,18.09,9.6,12.86,0,0,0,0,2.4,6.6,3.8,10.45,0,0
Granada,Alma F2,69.8,2,2,0,17.45,23.145,11.9,15.945,4.2,9.91,0,0,0.753942536,0.12034384,0.340974212,0,0.123209169,0.313753582,0.070200573,1,0,0.5,0.317023115,0.124432923,0.344458846,0.214085116,21.9,29.35,8.6,11.52,4.4,10.38,4,9.44,0,0,0,0,13.7,18.36,10.1,13.53,0,0,0,0,2.2,6.05,4.9,13.48,0,0
Granada,Alma F2,67,2,2,0,16.75,22.1225,12.25,16.415,4.3,10.145,0,0,0.7571477,0.128358209,0.365671642,0,0.091044776,0.302985075,0.034328358,1,0,0.5,0.307379365,0.092326817,0.371002373,0.229291445,20.3,27.2,6.1,8.17,4.4,10.38,4.2,9.91,0,0,0,0,13.4,17.96,11.1,14.87,0,0,0,0,5.2,14.3,2.3,6.33,0,0
Granada,Alma F2,66,2,2,0,16.5,21.7375,12.25,16.415,4.2,9.91,0,0,0.759056929,0.127272727,0.371212121,0,0.092424242,0.295454545,0.034848485,1,0,0.5,0.300517539,0.093962047,0.377573318,0.227947096,19.5,26.13,6.1,8.17,4.2,9.91,4.2,9.91,0,0,0,0,13.4,17.96,11.1,14.87,0,0,0,0,5.2,14.3,2.3,6.33,0,0
Granada,Alma F2,67.6,2,2,0,16.9,21.5775,10.6,14.205,3.95,9.32,0,0,0.783223265,0.116863905,0.313609467,0,0.125739645,0.307692308,0.082840237,1,0,0.5,0.322905805,0.131966168,0.329162322,0.215965705,20.8,27.87,8.5,11.39,4,9.44,3.9,9.2,0,0,0,0,12.2,16.35,9,12.06,0,0,0,0,3.6,9.9,5.6,15.4,0,0
Granada,Alma F2,74.2,3,1,0,18.55,24.33,11.4,15.27666667,4.1,9.68,0,0,0.76243321,0.055256065,0.460916442,0,0.125336927,0.295148248,0.033692722,0.333333333,0,0.75,0.301582409,0.128031237,0.470920674,0.09946568,21.9,29.35,9.3,12.46,4.1,9.68,0,0,0,0,0,0,14.3,19.16,10,13.4,9.9,13.27,0,0,2.2,6.05,2.5,6.88,0,0
Granada,Alma F2,85.3,3,1,0,21.325,26.4675,10.96666667,14.69666667,4.6,10.86,0,0,0.80570511,0.053927315,0.385697538,0,0.104337632,0.341148886,0.060961313,0.333333333,0,0.75,0.368281855,0.112685369,0.416454142,0.102578634,29.1,38.99,8.9,11.93,4.6,10.86,0,0,0,0,0,0,13,17.42,10.4,13.94,9.5,12.73,0,0,4.6,12.65,5.2,14.3,0,0
Granada,Alma F2,83.5,3,1,0,20.875,25.515,11.23333333,15.05333333,3.9,9.2,0,0,0.818146189,0.046706587,0.403592814,0,0.102994012,0.323353293,0.080239521,0.333333333,0,0.75,0.354497354,0.11287478,0.442484813,0.090143053,27,36.18,8.6,11.52,3.9,9.2,0,0,0,0,0,0,13.4,17.96,11.1,14.87,9.2,12.33,0,0,3.6,9.9,6.7,18.43,0,0
Granada,Alma F2,82.7,3,1,0,20.675,25.255,12.03333333,16.12333333,4.2,9.91,0,0,0.818649772,0.050785973,0.436517533,0,0.100362757,0.285368803,0.056831923,0.333333333,0,0.75,0.313007325,0.110077212,0.478816076,0.098099386,23.6,31.62,8.3,11.12,4.2,9.91,0,0,0,0,0,0,14.1,18.89,11,14.74,11,14.74,0,0,5.8,15.95,4.7,12.93,0,0
Granada,Alma F2,93.3,3,2,0,18.66,24.01,11.83333333,15.85666667,4,9.44,0,0,0.777176177,0.085744909,0.380493033,0,0.105037513,0.323687031,0.0471597,0.666666667,0,0.6,0.337109538,0.109371095,0.396251562,0.157267805,30.2,40.47,9.8,13.13,4.1,9.68,3.9,9.2,0,0,0,0,12.9,17.29,12.3,16.48,10.3,13.8,0,0,5.4,14.85,4.4,12.1,0,0
Granada,Alma F2,93.4,3,2,0,18.68,24.01,11.83333333,15.85666667,4,9.44,0,0,0.778009163,0.085653105,0.380085653,0,0.104925054,0.323340471,0.047109208,0.666666667,0,0.6,0.337109538,0.109371095,0.396251562,0.157267805,30.2,40.47,9.8,13.13,4.1,9.68,3.9,9.2,0,0,0,0,12.9,17.29,12.3,16.48,10.3,13.8,0,0,5.5,15.13,4.4,12.1,0,0
Granada,Alma F2,83.7,3,1,0,20.925,25.365,11.73333333,15.72,4.5,10.62,0,0,0.824955648,0.053763441,0.420549582,0,0.101553166,0.287933094,0.056152927,0.333333333,0,0.75,0.318253499,0.11226099,0.46481372,0.104671792,24.1,32.29,8.5,11.39,4.5,10.62,0,0,0,0,0,0,13.8,18.49,10.8,14.47,10.6,14.2,0,0,4.7,12.93,4.7,12.93,2,4.72
Granada,Alma F2,92.8,3,2,0,18.56,23.898,11.83333333,15.85666667,4.05,9.56,0,0,0.776634028,0.087284483,0.382543103,0,0.106681034,0.317887931,0.047413793,0.666666667,0,0.6,0.330822663,0.111055318,0.398108628,0.16001339,29.5,39.53,9.9,13.27,4.1,9.68,4,9.44,0,0,0,0,12.9,17.29,10.3,13.8,12.3,16.48,0,0,5.4,14.85,4.4,12.1,0,0
Granada,Alma F2,91.5,3,2,0,18.3,23.516,11.66666667,15.63666667,4.1,9.675,0,0,0.77819357,0.089617486,0.382513661,0,0.106010929,0.312568306,0.032786885,0.666666667,0,0.6,0.325905766,0.110563021,0.398962409,0.164568804,28.6,38.32,9.7,13,4.4,10.38,3.8,8.97,0,0,0,0,13.9,18.63,10.9,14.61,10.2,13.67,0,0,7,19.25,3,8.25,0,0
Granada,Alma F2,95.2,4,2,0,15.86666667,20.43666667,10.5,14.0675,4.15,9.79,0,0,0.776382319,0.087184874,0.441176471,0,0.099789916,0.266806723,0.05987395,0.5,0,0.666666667,0.277605611,0.103816669,0.458897407,0.159680313,25.4,34.04,9.5,12.73,4.4,10.38,3.9,9.2,0,0,0,0,14,18.76,9.8,13.13,9.1,12.19,9.1,12.19,4.3,11.83,5.7,15.68,0,0
Coruna,Caleida - Metrovacesa,70.9,2,2,0,17.725,21.9475,11.25,15.075,4.35,10.265,0,0,0.807609067,0.122708039,0.317348378,0,0.114245416,0.276445698,0.039492243,1,0,0.5,0.299122907,0.123590386,0.343433193,0.233853514,19.6,26.26,8.1,10.85,5.2,12.27,3.5,8.26,0,0,0,0,12.2,16.35,10.3,13.8,0,0,0,0,6,16.5,2.8,7.7,3.2,7.55
Coruna,Caleida - Metrovacesa,69.6,2,2,0,17.4,21.5125,11.25,15.075,4.35,10.265,0,0,0.808832074,0.125,0.323275862,0,0.11637931,0.262931034,0.040229885,1,0,0.5,0.28495061,0.126089483,0.350377687,0.23858222,18.3,24.52,8.1,10.85,5.2,12.27,3.5,8.26,0,0,0,0,12.2,16.35,10.3,13.8,0,0,0,0,6,16.5,2.8,7.7,3.2,7.55
Coruna,Caleida - Metrovacesa,70,2,2,0,17.5,21.5675,10.75,14.405,4.85,11.445,0,0,0.811406051,0.138571429,0.307142857,0,0.111428571,0.257142857,0.07,1,0,0.5,0.279587342,0.121131332,0.333951547,0.265329779,18,24.12,7.8,10.45,5.7,13.45,4,9.44,0,0,0,0,13,17.42,8.5,11.39,0,0,0,0,4.9,13.48,4.9,13.48,3.2,7.55
Coruna,Habitat - Torre Amura,71.7,2,2,0,17.925,21.65,10.35,13.865,4.75,11.21,0,0,0.827944573,0.132496513,0.288702929,0,0.10041841,0.278940028,0.10460251,1,0,0.5,0.309468822,0.111431871,0.320207852,0.258891455,20,26.8,7.2,9.65,5.1,12.04,4.4,10.38,0,0,0,0,12.1,16.21,8.6,11.52,0,0,0,0,3.8,10.45,7.5,20.63,3,7.08
Coruna,Habitat - Torre Amura,90.5,3,2,0,18.1,22.762,11.4,15.27666667,4.95,11.68,0,0,0.795184957,0.109392265,0.377900552,0,0.099447514,0.268508287,0.054143646,0.666666667,0,0.6,0.286090853,0.105966084,0.402688692,0.205254371,24.3,32.56,9,12.06,5.4,12.74,4.5,10.62,0,0,0,0,14.2,19.03,11.5,15.41,8.5,11.39,0,0,4.7,12.93,4.9,13.48,3.5,8.26
Coruna,Habitat - Torre Amura,90.1,3,2,0,18.02,22.19,11.8,15.81,4.8,11.325,0,0,0.812077512,0.10654828,0.392896781,0,0.102108768,0.236403996,0.065482797,0.666666667,0,0.6,0.257232988,0.11113114,0.42748986,0.204146012,21.3,28.54,9.2,12.33,5.4,12.74,4.2,9.91,0,0,0,0,12.5,16.75,12.1,16.21,10.8,14.47,0,0,5.2,14.3,5.9,16.23,3.5,8.26
Coruna,Caleida - Metrovacesa,86.4,3,2,0,17.28,21.194,10.83333333,14.51666667,4.85,11.445,0,0,0.815325092,0.112268519,0.376157407,0,0.105324074,0.236111111,0.075231481,0.666666667,0,0.6,0.257997546,0.115032556,0.410965368,0.21600453,20.4,27.34,9.1,12.19,5.2,12.27,4.5,10.62,0,0,0,0,15.6,20.9,8.5,11.39,8.4,11.26,0,0,4.3,11.83,6.5,17.88,3.9,9.2
Coruna,Parque Eiris - Metrovacesa,123.8,4,3,0,17.68571429,21.56,12.925,17.3175,4.566666667,10.78,0,0,0.820302147,0.110662359,0.417609047,0,0.084814216,0.212439418,0.11631664,0.75,0,0.571428571,0.233501193,0.0932282,0.458984893,0.214285714,26.3,35.24,10.5,14.07,6.8,16.05,3.8,8.97,3.1,7.32,0,0,16.1,21.57,12.3,16.48,12,16.08,11.3,15.14,2.7,7.43,14.4,39.6,4.5,10.62
Madrid,El Pinar Caleruega - Proceparsa,68.66,2,2,0,17.165,24.3475,12.975,17.385,4.74,11.19,0,0,0.705000513,0.138071657,0.377949315,0,0.094669385,0.342703175,0.046606467,1,0,0.5,0.323749872,0.089434233,0.357018174,0.229797721,23.53,31.53,6.5,8.71,5.07,11.97,4.41,10.41,0,0,0,0,14.13,18.93,11.82,15.84,0,0,0,0,0,0,3.2,8.8,0,0
Madrid,Borea Arroyo Fresno Portablanca / Fcc,77.44,2,1,0,25.81333333,32.02666667,11.955,16.02,4.69,11.07,0,0,0.805995004,0.060563017,0.308755165,0,0.124741736,0.385717975,0.050490702,0.5,0,0.666666667,0.416631973,0.134679434,0.333472107,0.115216486,29.87,40.03,9.66,12.94,4.69,11.07,0,0,0,0,0,0,12.94,17.34,10.97,14.7,0,0,0,0,5.4,14.85,3.91,10.75,0,0
Madrid,Mesena - Metrovacesa ,72.2,2,2,0,18.05,23.9575,12.15,16.28,3.95,9.325,0,0,0.75341751,0.109418283,0.336565097,0,0.155124654,0.306094183,0.033240997,1,0,0.5,0.30898466,0.156631535,0.33976834,0.194615465,22.1,29.61,11.2,15.01,4.1,9.68,3.8,8.97,0,0,0,0,14.6,19.56,9.7,13,0,0,0,0,4.3,11.83,2.4,6.6,0,0
Madrid,El Pinar Caleruega - Proceparsa,95.91,3,2,0,19.182,26.488,11.02333333,14.77333333,5.075,11.975,0,0,0.724176986,0.105828381,0.344802419,0,0.196851215,0.302471067,0.050046919,0.666666667,0,0.6,0.293491392,0.1910299,0.334642102,0.180836605,29.01,38.87,18.88,25.3,5.86,13.83,4.29,10.12,0,0,0,0,13.7,18.36,10.14,13.59,9.23,12.37,0,0,0,0,4.8,13.2,0,0
Madrid,Borea Arroyo Fresno Portablanca / Fcc,84.09,3,1,0,21.0225,27.0025,12.01333333,16.1,4.87,11.49,0,0,0.778539024,0.05791414,0.428588417,0,0.127601379,0.300273516,0.020573195,0.333333333,0,0.75,0.313304324,0.133135821,0.447180817,0.106379039,25.25,33.84,10.73,14.38,4.87,11.49,0,0,0,0,0,0,15.41,20.65,10.67,14.3,9.96,13.35,0,0,5.47,15.04,1.73,4.76,0,0
Madrid,El Pinar Caleruega - Proceparsa,85.76,3,2,0,17.152,23.462,11.45,15.34333333,4.32,10.195,0,0,0.731054471,0.100746269,0.400536381,0,0.133162313,0.309701493,0.055853545,0.666666667,0,0.6,0.303384196,0.130423664,0.392379166,0.173812974,26.56,35.59,11.42,15.3,4.43,10.45,4.21,9.94,0,0,0,0,13.76,18.44,10.46,14.02,10.13,13.57,0,0,0,0,4.79,13.17,0,0
Madrid,Borea Arroyo Fresno Portablanca / Fcc,80.01,3,1,0,20.0025,25.63,12.00666667,16.09,4.82,11.38,0,0,0.780433086,0.06024247,0.450193726,0,0.112485939,0.287339083,0.021372328,0.333333333,0,0.75,0.300526726,0.117635583,0.470834959,0.111002731,22.99,30.81,9,12.06,4.82,11.38,0,0,0,0,0,0,16.56,22.19,10.73,14.38,8.73,11.7,0,0,5.47,15.04,1.71,4.7,0,0
Madrid,Mesena - Metrovacesa ,117.6,4,2,1,16.8,21.85571429,13.75,18.425,4.2,9.915,2.2,5.19,0.768677691,0.071428571,0.467687075,0.018707483,0.095238095,0.24914966,0.049319728,0.5,0.25,0.571428571,0.25661808,0.098110988,0.481730832,0.129616315,29.3,39.26,11.2,15.01,4.8,11.33,3.6,8.5,0,0,2.2,5.19,22.8,30.55,11.1,14.87,10.7,14.34,10.4,13.94,5.7,15.68,5.8,15.95,0,0
Madrid,Borea Arroyo Fresno Portablanca / Fcc,135.25,4,3,0,19.32142857,24.68428571,15.025,20.135,3.683333333,8.693333333,0,0,0.782742057,0.081700555,0.444362292,0,0.092125693,0.27297597,0.051756007,0.75,0,0.571428571,0.286301291,0.096649112,0.466114937,0.150934661,36.92,49.47,12.46,16.7,4.2,9.91,4.08,9.63,2.77,6.54,0,0,21.64,29,12.96,17.37,12.95,17.35,12.55,16.82,7.72,21.23,7,19.25,0,0
Madrid,Borea Arroyo Fresno Portablanca / Fcc,109.12,4,3,0,15.58857143,20.82571429,11.7225,15.71,4.22,9.96,0,0,0.748525175,0.116019062,0.429710411,0,0.101631232,0.261271994,0.046829179,0.75,0,0.571428571,0.262038688,0.101934422,0.431060502,0.204966388,28.51,38.2,11.09,14.86,4.91,11.59,3.97,9.37,3.78,8.92,0,0,16.7,22.38,11.14,14.93,10.11,13.55,8.94,11.98,4.86,13.37,5.11,14.05,0,0
Madrid,Mesena - Metrovacesa ,123.4,4,3,0,17.62857143,22.41285714,12.35,16.55,3.933333333,9.283333333,0,0,0.786538339,0.095623987,0.400324149,0,0.110210697,0.269854133,0.076175041,0.75,0,0.571428571,0.284403085,0.116132322,0.421951686,0.177512907,33.3,44.62,13.6,18.22,4.7,11.09,3.8,8.97,3.3,7.79,0,0,18.7,25.06,10.5,14.07,10.2,13.67,10,13.4,5.9,16.23,9.4,25.85,0,0
Malaga,Zitizen,67,2,2,0,16.75,22.42,11.7,15.675,3.5,8.26,0,0,0.747100803,0.104477612,0.349253731,0,0.131343284,0.334328358,0.026865672,1,0,0.5,0.334745763,0.13146744,0.349576271,0.184210526,22.4,30.02,8.8,11.79,3.5,8.26,3.5,8.26,0,0,0,0,13.8,18.49,9.6,12.86,0,0,0,0,3.6,9.9,1.8,4.95,0,0
Malaga,Zitizen,66.1,2,2,0,16.525,21.75,11.1,14.875,3.5,8.26,0,0,0.759770115,0.105900151,0.335854766,0,0.133131619,0.32677761,0.036308623,1,0,0.5,0.332643678,0.135517241,0.341954023,0.189885057,21.6,28.94,8.8,11.79,3.7,8.73,3.3,7.79,0,0,0,0,12.9,17.29,9.3,12.46,0,0,0,0,4.1,11.28,2.4,6.6,0,0
Malaga,Zitizen,68.3,2,2,0,17.075,22.2025,11.3,15.14,3.4,8.025,0,0,0.769057539,0.099560761,0.330893119,0,0.105417277,0.358711567,0.040995608,1,0,0.5,0.369665578,0.108658935,0.340952595,0.180722892,24.5,32.83,7.2,9.65,3.5,8.26,3.3,7.79,0,0,0,0,13.3,17.82,9.3,12.46,0,0,0,0,4.4,12.1,2.8,7.7,0,0
Malaga,Zitizen,71.8,3,1,0,17.95,22.2775,10.36666667,13.89333333,3.8,8.97,0,0,0.805745708,0.052924791,0.433147632,0,0.118384401,0.281337047,0.058495822,0.333333333,0,0.75,0.303781843,0.127819549,0.467736505,0.100662103,20.2,27.07,8.5,11.39,3.8,8.97,0,0,0,0,0,0,12.8,17.15,9.4,12.6,8.9,11.93,0,0,4,11,4.2,11.55,0,0
Malaga,Zitizen,72.2,3,1,0,18.05,22.2575,10.86666667,14.56,3.6,8.5,0,0,0.810962597,0.049861496,0.451523546,0,0.112188366,0.268698061,0.052631579,0.333333333,0,0.75,0.292036392,0.121869033,0.490621139,0.095473436,19.4,26,8.1,10.85,3.6,8.5,0,0,0,0,0,0,13.7,18.36,9.6,12.86,9.3,12.46,0,0,4.7,12.93,3.8,10.45,0,0
Malaga,Zitizen,72.2,3,1,0,18.05,22.25,10.33333333,13.84666667,3.7,8.73,0,0,0.811235955,0.051246537,0.429362881,0,0.11634349,0.283933518,0.085872576,0.333333333,0,0.75,0.308651685,0.126516854,0.466741573,0.098089888,20.5,27.47,8.4,11.26,3.7,8.73,0,0,0,0,0,0,12.9,17.29,9.3,12.46,8.8,11.79,0,0,2.4,6.6,6.2,17.05,0,0
Manresa,La Llum de Manresa - Metrovacesa,60,2,1,0,20,25.94,10.925,14.64,5.35,12.63,0,0,0.771010023,0.089166667,0.364166667,0,0.140833333,0.305833333,0,0.5,0,0.666666667,0.315985608,0.145463891,0.376252891,0.16229761,18.35,24.59,8.45,11.32,5.35,12.63,0,0,0,0,0,0,12.6,16.88,9.25,12.4,0,0,0,0,6,16.5,0,0,0,0
Navarra,Optima / Ardoi,84.8,3,1,0,21.2,26.765,11.76666667,15.76666667,4.2,9.91,0,0,0.792079208,0.049528302,0.416273585,0,0.135613208,0.303066038,0.050117925,0.333333333,0,0.75,0.321688773,0.143937979,0.441808332,0.092564917,25.7,34.44,11.5,15.41,4.2,9.91,0,0,0,0,0,0,14.05,18.83,10.65,14.27,10.6,14.2,0,0,3.85,10.59,4.25,11.69,0,0
Navarra,Optima / Ardoi,80.3,3,1,0,20.075,24.855,11.6,15.54333333,4.2,9.91,0,0,0.807684571,0.052303861,0.433374844,0,0.120174346,0.278331258,0.041718555,0.333333333,0,0.75,0.301247234,0.130054315,0.469020318,0.099678133,22.35,29.95,9.65,12.93,4.2,9.91,0,0,0,0,0,0,13.65,18.29,11.95,16.01,9.2,12.33,0,0,5.95,16.36,3.35,9.21,0,0
Navarra,Optima / Ardoi,85.5,4,1,0,17.1,22.794,10.8625,14.5575,4.2,9.91,0,0,0.75019742,0.049122807,0.508187135,0,0.11754386,0.28245614,0,0.25,0,0.8,0.283934369,0.118188997,0.510923927,0.086952707,24.15,32.36,10.05,13.47,4.2,9.91,0,0,0,0,0,0,14.75,19.77,11.35,15.21,10.35,13.87,7,9.38,3.65,10.04,0,0,0,0
Navarra,Optima / Ardoi,114,4,2,0,19,23.89,11.775,15.78,4.05,9.555,0,0,0.795311846,0.071052632,0.413157895,0,0.111403509,0.288596491,0.055263158,0.5,0,0.666666667,0.307590345,0.118738663,0.440351612,0.13331938,32.9,44.09,12.7,17.02,4.2,9.91,3.9,9.2,0,0,0,0,16.85,22.58,10.65,14.27,10.4,13.94,9.2,12.33,6.9,18.98,6.3,17.33,0,0
Navarra,Optima / Ardoi,104.45,4,2,0,17.40833333,21.90833333,11.6125,15.56,4.075,9.615,0,0,0.794598707,0.078027764,0.444710388,0,0.122546673,0.234561991,0.059837243,0.5,0,0.666666667,0.249752758,0.130467859,0.473488018,0.146291366,24.5,32.83,12.8,17.15,4.2,9.91,3.95,9.32,0,0,0,0,16.65,22.31,10.5,14.07,10.3,13.8,9,12.06,6.3,17.33,6.25,17.19,0,0
Navarra,Optima / Ardoi,104,4,2,0,17.33333333,21.395,10.7,14.34,4.1,9.675,0,0,0.810158137,0.078846154,0.411538462,0,0.1125,0.258173077,0.048557692,0.5,0,0.666666667,0.280283555,0.122146919,0.446833372,0.150736153,26.85,35.98,11.7,15.68,4.4,10.38,3.8,8.97,0,0,0,0,14.05,18.83,10.45,14,10.05,13.47,8.25,11.06,9.4,25.85,5.05,13.89,0,0
Oviedo,Alveum III - Arqura Homes,92.85,3,2,0,18.57,22.588,13.24,17.74333333,4.205,9.92,0,0,0.822117939,0.090576198,0.427786753,0,0.102315563,0.2180937,0.062358643,0.666666667,0,0.6,0.240304587,0.112714716,0.471312201,0.175668497,20.25,27.14,9.5,12.73,4.23,9.98,4.18,9.86,0,0,0,0,15.87,21.27,11.98,16.05,11.87,15.91,0,0,5.24,14.41,5.79,15.92,3.94,9.3
Oviedo,Alveum III - Arqura Homes,114.89,4,2,0,19.14833333,22.98666667,12.14,16.2675,4.32,10.195,0,0,0.833019142,0.075202367,0.422665158,0,0.111933153,0.228827574,0.059012969,0.5,0,0.666666667,0.255437935,0.124927494,0.471795244,0.147839327,26.29,35.23,12.86,17.23,4.36,10.29,4.28,10.1,0,0,0,0,14.88,19.94,12.48,16.72,12.12,16.24,9.08,12.17,9.43,25.93,6.78,18.65,2.33,5.5
Pamplona,Abaigar Izarra Plaza,73.27,2,2,0,18.3175,24.1875,12.73,17.06,3.665,8.65,0,0,0.757312661,0.100040944,0.347481916,0,0.145489286,0.316227651,0.023201856,1,0,0.5,0.320930233,0.147596899,0.352661499,0.17881137,23.17,31.05,10.66,14.28,4.05,9.56,3.28,7.74,0,0,0,0,13.46,18.04,12,16.08,0,0,0,0,4.95,13.61,1.7,4.68,0,0
Pamplona,Abaigar Izarra Plaza,64.4,2,2,0,16.1,21.8875,9.975,13.37,4.035,9.52,0,0,0.735579669,0.125310559,0.309782609,0,0.145496894,0.338509317,0.03742236,1,0,0.5,0.333637921,0.143460879,0.305425471,0.217475728,21.8,29.21,9.37,12.56,4.34,10.24,3.73,8.8,0,0,0,0,11.67,15.64,8.28,11.1,0,0,0,0,2.8,7.7,2.41,6.63,0,0
Pamplona,Abaigar Izarra Plaza,66.65,2,2,0,16.6625,22.6125,10.76,14.42,4.145,9.78,0,0,0.7368712,0.124381095,0.32288072,0,0.140585146,0.330232558,0.036459115,1,0,0.5,0.326036484,0.138861249,0.318850193,0.216252073,22.01,29.49,9.37,12.56,4.42,10.43,3.87,9.13,0,0,0,0,11.65,15.61,9.87,13.23,0,0,0,0,3.03,8.33,2.43,6.68,0,0
Pamplona,Abaigar Izarra Plaza,76.89,2,2,0,19.2225,23.51,12.845,17.215,3.45,8.14,0,0,0.817630795,0.089738588,0.334113669,0,0.138639615,0.281961243,0.100273117,1,0,0.5,0.308911102,0.151850276,0.3661208,0.173117822,21.68,29.05,10.66,14.28,3.62,8.54,3.28,7.74,0,0,0,0,14.2,19.03,11.49,15.4,0,0,0,0,4.25,11.69,7.71,21.2,0,0
Pamplona,Abaigar Izarra Plaza,85.52,3,2,0,17.104,23.872,12.60666667,16.89,3.64,8.59,0,0,0.716487936,0.085126286,0.442235734,0,0.122076707,0.327408793,0.023152479,0.666666667,0,0.6,0.314343164,0.117208445,0.424514075,0.143934316,28,37.52,10.44,13.99,3.73,8.8,3.55,8.38,0,0,0,0,14.74,19.75,11.92,15.97,11.16,14.95,0,0,0,0,1.98,5.45,0,0
Pamplona,Abaigar Izarra Plaza,80.29,3,2,0,16.058,22.412,12.07333333,16.17666667,3.515,8.295,0,0,0.716491165,0.087557604,0.451114709,0,0.118694732,0.317598705,0.025034251,0.666666667,0,0.6,0.304925933,0.113956809,0.433071569,0.14804569,25.5,34.17,9.53,12.77,3.52,8.31,3.51,8.28,0,0,0,0,14.15,18.96,11.41,15.29,10.66,14.28,0,0,0,0,2.01,5.53,0,0
Pamplona,Abaigar Izarra Plaza,83.43,3,2,0,16.686,23.5,12.97,17.37666667,4.025,9.495,0,0,0.710042553,0.096488074,0.466379,0,0.131127892,0.283710895,0.022294139,0.666666667,0,0.6,0.269957447,0.124765957,0.443659574,0.161617021,23.67,31.72,10.94,14.66,4.12,9.72,3.93,9.27,0,0,0,0,15.63,20.94,11.8,15.81,11.48,15.38,0,0,0,0,1.86,5.12,0,0
Pamplona,Abaigar Izarra Plaza,81.28,3,2,0,16.256,22.772,12.34,16.53666667,3.795,8.96,0,0,0.713859125,0.093380906,0.455462598,0,0.118233268,0.307086614,0.025836614,0.666666667,0,0.6,0.293781837,0.113121377,0.435710522,0.157386264,24.96,33.45,9.61,12.88,4.02,9.49,3.57,8.43,0,0,0,0,14.56,19.51,11.4,15.28,11.06,14.82,0,0,0,0,2.1,5.78,0,0
Pamplona,Abaigar Izarra Plaza,96.78,3,2,0,19.356,25.882,14.37,19.25333333,4.06,9.58,0,0,0.747855653,0.083901633,0.445443273,0,0.104877041,0.299855342,0.040504236,0.666666667,0,0.6,0.300517734,0.105092342,0.446333359,0.148056564,29.02,38.89,10.15,13.6,4.09,9.65,4.03,9.51,0,0,0,0,19.16,25.67,12.63,16.92,11.32,15.17,0,0,2.46,6.77,3.92,10.78,0,0
Pamplona,Abaigar Izarra Plaza,96.46,3,2,0,19.292,25.798,14.43333333,19.34,4.06,9.58,0,0,0.747809908,0.084179971,0.448890732,0,0.102011196,0.298776695,0.040638607,0.666666667,0,0.6,0.299403055,0.102255989,0.44980231,0.148538646,28.82,38.62,9.84,13.19,4.09,9.65,4.03,9.51,0,0,0,0,19.16,25.67,12.82,17.18,11.32,15.17,0,0,2.46,6.77,3.92,10.78,0,0
Pamplona,Abaigar Izarra Plaza,91.4,3,2,0,18.28,23.716,12.24666667,16.41333333,3.785,8.935,0,0,0.770787654,0.082822757,0.401969365,0,0.13107221,0.28916849,0.0297593,0.666666667,0,0.6,0.298701299,0.135351661,0.415247091,0.150699949,26.43,35.42,11.98,16.05,3.8,8.97,3.77,8.9,0,0,0,0,14.87,19.93,11.47,15.37,10.4,13.94,0,0,5.96,16.39,2.72,7.48,0,0
Pamplona,Abaigar Izarra Plaza,82.42,3,2,0,16.484,21.676,11.64333333,15.60333333,3.915,9.235,0,0,0.760472412,0.095001213,0.423804902,0,0.110774084,0.2795438,0.028391167,0.666666667,0,0.6,0.28483115,0.112843698,0.431906256,0.170418896,23.04,30.87,9.13,12.23,4.04,9.53,3.79,8.94,0,0,0,0,14.91,19.98,10.75,14.41,9.27,12.42,0,0,5.15,14.16,2.34,6.44,0,0
Pamplona,Abaigar Izarra Plaza,89.57,3,2,0,17.914,23.08,11.61333333,15.56,3.835,9.05,0,0,0.776169844,0.08563135,0.388969521,0,0.138774143,0.282907223,0.026236463,0.666666667,0,0.6,0.294280763,0.144367418,0.404506066,0.156845754,25.34,33.96,12.43,16.66,3.88,9.16,3.79,8.94,0,0,0,0,14.86,19.91,10.74,14.39,9.24,12.38,0,0,6.94,19.09,2.35,6.46,0,0
Pamplona,Abaigar Izarra Plaza,89.73,3,2,0,17.946,22.578,12.15666667,16.29,3.59,8.475,0,0,0.794844539,0.080017831,0.406441547,0,0.118689402,0.272818455,0.07221665,0.666666667,0,0.6,0.290548321,0.126406236,0.432899282,0.15014616,24.48,32.8,10.65,14.27,3.69,8.71,3.49,8.24,0,0,0,0,13.76,18.44,11.79,15.8,10.92,14.63,0,0,2.24,6.16,6.48,17.82,2.23,5.26
Pontevedra,Novolerez - Metrovacesa,115.1,4,2,0,19.18333333,23.99833333,11.65,15.61,4.7,11.095,0,0,0.799361067,0.081668115,0.404865334,0,0.093831451,0.29105126,0.060816681,0.5,0,0.666666667,0.311757761,0.10049309,0.433641225,0.154107924,33.5,44.89,10.8,14.47,5.1,12.04,4.3,10.15,0,0,0,0,16.2,21.71,10.3,13.8,10.3,13.8,9.8,13.13,3.4,9.35,7,19.25,4.4,10.38
Pontevedra,Novolerez - Metrovacesa,109.7,4,2,1,15.67142857,19.97142857,10.175,13.6325,4.5,10.62,3,7.08,0.784692418,0.082041933,0.371011851,0.027347311,0.09206928,0.295350957,0.078395624,0.5,0.25,0.571428571,0.310586552,0.096781116,0.390057225,0.15193133,32.4,43.42,10.1,13.53,5,11.8,4,9.44,0,0,3,7.08,11.9,15.95,9.6,12.86,9.6,12.86,9.6,12.86,2.9,7.98,8.6,23.65,3,7.08
Pontevedra,Novolerez - Metrovacesa,132.8,4,3,0,18.97142857,24.31,12.525,16.7825,5.033333333,11.88,0,0,0.780396075,0.113704819,0.377259036,0,0.094879518,0.283885542,0.068524096,0.75,0,0.571428571,0.296879591,0.099194923,0.394487865,0.209437621,37.7,50.52,12.6,16.88,5.8,13.69,5.6,13.22,3.7,8.73,0,0,16,21.44,11.5,15.41,11.3,15.14,11.3,15.14,4.4,12.1,9.1,25.03,3.8,8.97
Sabadell,Essencia de Sabadell / Realia,79.61,3,1,0,19.9025,25.21,11.31333333,15.16333333,4.24,10.01,0,0,0.789468465,0.053259641,0.426328351,0,0.120587866,0.304484361,0.06280618,0.333333333,0,0.75,0.322094407,0.127528758,0.45111067,0.099266164,24.24,32.48,9.6,12.86,4.24,10.01,0,0,0,0,0,0,11.87,15.91,11.28,15.12,10.79,14.46,0,0,2.59,7.12,5,13.75,0,0
Sabadell,Jardins de Can Gambus - Metrovacesa,106.35,4,2,0,17.725,23.62166667,8.6475,11.585,5.055,11.93,0,0,0.750370423,0.09506347,0.325246827,0,0.086600846,0.415326751,0.037235543,0.5,0,0.666666667,0.417625062,0.087066958,0.326959712,0.168348268,44.17,59.19,9.21,12.34,5.39,12.72,4.72,11.14,0,0,0,0,12.27,16.44,8.56,11.47,7.69,10.3,6.07,8.13,4.31,11.85,3.96,10.89,0,0
Sabadell,Essencia de Sabadell / Realia,104.89,4,2,0,17.48166667,21.58166667,10.2125,13.685,3.75,8.85,0,0,0.81002394,0.07150348,0.38945562,0,0.103823053,0.302126037,0.054628659,0.5,0,0.666666667,0.327901768,0.112672793,0.422735346,0.136690092,31.69,42.46,10.89,14.59,4.06,9.58,3.44,8.12,0,0,0,0,13.24,17.74,9.79,13.12,9.67,12.96,8.15,10.92,8.23,22.63,5.73,15.76,0,0
Sabadell,Etna,102,4,2,1,14.57142857,18.97285714,10.85,14.54,4.5,10.62,2.7,6.37,0.768014457,0.088235294,0.425490196,0.026470588,0.104901961,0.239215686,0.065686275,0.5,0.25,0.571428571,0.246216399,0.107973797,0.437918831,0.159927716,24.4,32.7,10.7,14.34,4.9,11.56,4.1,9.68,0,0,2.7,6.37,13.5,18.09,10.2,13.67,9.9,13.27,9.8,13.13,5.1,14.03,6.7,18.43,0,0
Sabadell,Essencia de Sabadell / Realia,107.68,4,2,1,15.38285714,19.97857143,10.6975,14.3375,4.69,11.065,2.92,6.89,0.769967823,0.087109955,0.397381129,0.027117385,0.098161218,0.272473997,0.078194651,0.5,0.25,0.571428571,0.281158384,0.101251341,0.410082231,0.158240972,29.34,39.32,10.57,14.16,4.98,11.75,4.4,10.38,0,0,2.92,6.89,13.7,18.36,9.75,13.07,9.75,13.07,9.59,12.85,4.26,11.72,8.42,23.16,0,0
Sevilla,Jardines de Oriente ,43.1,1,1,0,21.55,29.23,12.5,16.75,4.5,10.62,0,0,0.737256244,0.104408353,0.290023202,0,0.178654292,0.35962877,0.067285383,1,0,0.5,0.355285665,0.176530961,0.286520698,0.181662675,15.5,20.77,7.7,10.32,4.5,10.62,0,0,0,0,0,0,12.5,16.75,0,0,0,0,0,0,0,0,2.9,7.98,0,0
Sevilla,Macarena 40 / Aniceto,45.97,1,1,0,22.985,30.925,12.02,16.11,4.55,10.74,0,0,0.743249798,0.098977594,0.261474875,0,0.170981075,0.397215575,0,1,0,0.5,0.3956346,0.170250606,0.260468876,0.173645918,18.26,24.47,7.86,10.53,4.55,10.74,0,0,0,0,0,0,12.02,16.11,0,0,0,0,0,0,3.28,9.02,0,0,0,0
Sevilla,Pino Montano ,44.7,1,1,0,22.35,28.955,13.35,17.89,3.7,8.73,0,0,0.771887412,0.082774049,0.298657718,0,0.159955257,0.362416107,0,1,0,0.5,0.374892074,0.165429114,0.308927646,0.150751166,16.2,21.71,7.15,9.58,3.7,8.73,0,0,0,0,0,0,13.35,17.89,0,0,0,0,0,0,4.3,11.83,0,0,0,0
Sevilla,Pino Montano ,52.85,1,1,0,26.425,33.625,14.2,19.03,5.3,12.51,0,0,0.785873606,0.100283822,0.268684957,0,0.153263955,0.350993377,0,1,0,0.5,0.369665428,0.16133829,0.282973978,0.186022305,18.55,24.86,8.1,10.85,5.3,12.51,0,0,0,0,0,0,14.2,19.03,0,0,0,0,0,0,6.7,18.43,0,0,0,0
Sevilla,Pino Montano Emvisesa,47.65,1,1,0,23.825,28.82,11.05,14.81,3.5,8.26,0,0,0.826682859,0.073452256,0.231899265,0,0.163693599,0.37775446,0.072402938,1,0,0.5,0.418459403,0.18129771,0.256939625,0.143303262,18,24.12,7.8,10.45,3.5,8.26,0,0,0,0,0,0,11.05,14.81,0,0,0,0,0,0,3.85,10.59,3.45,9.49,0,0
Sevilla,Torreblanca / Alberchigo,54.05,2,1,0,18.01666667,24.63,11.56,15.49,3.84,9.06,0,0,0.73149276,0.071045328,0.427752081,0,0.130434783,0.336910268,0.033857539,0.5,0,0.666666667,0.330220598,0.127892814,0.419271891,0.122614698,18.21,24.4,7.05,9.45,3.84,9.06,0,0,0,0,0,0,12.06,16.16,11.06,14.82,0,0,0,0,0,0,1.83,5.03,0,0
Sevilla,Pol. Aerpuerto,58.46,2,1,0,19.48666667,25.45,9.73,13.035,3.97,9.37,0,0,0.765684348,0.067909682,0.332877181,0,0.126924393,0.395313035,0.038316798,0.5,0,0.666666667,0.405631958,0.130189915,0.341453831,0.122724296,23.11,30.97,7.42,9.94,3.97,9.37,0,0,0,0,0,0,10.54,14.12,8.92,11.95,0,0,0,0,2.26,6.22,2.24,6.16,0,0
Sevilla,Pino Montano Emvisesa,51.7,2,1,0,17.23333333,22.47666667,9.625,12.9,3.5,8.26,0,0,0.766721044,0.067698259,0.372340426,0,0.135396518,0.34622824,0.035783366,0.5,0,0.666666667,0.355776361,0.139107222,0.382619012,0.122497405,17.9,23.99,7,9.38,3.5,8.26,0,0,0,0,0,0,11.4,15.28,7.85,10.52,0,0,0,0,2.2,6.05,1.85,5.09,0,0
Sevilla,Pol. Aerpuerto,58.35,2,1,0,19.45,25.38333333,11.735,15.725,3.98,9.39,0,0,0.766250821,0.068209083,0.402227935,0,0.136246787,0.315338475,0.038560411,0.5,0,0.666666667,0.323834537,0.139855548,0.413000657,0.123309258,18.4,24.66,7.95,10.65,3.98,9.39,0,0,0,0,0,0,14.54,19.48,8.93,11.97,0,0,0,0,2.3,6.33,2.25,6.19,0,0
Sevilla,SUNP-AE-1,57.31,2,2,0,14.3275,19.545,10.845,14.535,2.865,6.76,0,0,0.733051931,0.099982551,0.378467981,0,0.143604956,0.31983947,0.038911185,1,0,0.5,0.314146841,0.141084676,0.371834229,0.172934254,18.33,24.56,8.23,11.03,3.36,7.93,2.37,5.59,0,0,0,0,12.93,17.33,8.76,11.74,0,0,0,0,1.1,3.03,2.23,6.13,0,0
Sevilla,Pino Montano ,54.9,2,1,0,18.3,23.96333333,11.6,15.545,4,9.44,0,0,0.763666713,0.072859745,0.422586521,0,0.130236794,0.295992714,0,0.5,0,0.666666667,0.30296286,0.133259146,0.432466268,0.131311726,16.25,21.78,7.15,9.58,4,9.44,0,0,0,0,0,0,13.4,17.96,9.8,13.13,0,0,0,0,4.3,11.83,0,0,0,0
Sevilla,M10 Bermejales,60.9,2,1,0,20.3,25.71666667,12.25,16.415,3.56,8.4,0,0,0.789371355,0.058456486,0.402298851,0,0.15681445,0.283251232,0.042857143,0.5,0,0.666666667,0.299675956,0.165910564,0.425534673,0.108878808,17.25,23.12,9.55,12.8,3.56,8.4,0,0,0,0,0,0,15.34,20.56,9.16,12.27,0,0,0,0,3.43,9.43,2.61,7.18,0,0
Sevilla,Macarena 40 / Aniceto,57.97,2,1,0,19.32333333,23.99,10.995,14.73,3.54,8.35,0,0,0.805474503,0.061066069,0.379334138,0,0.135759876,0.303950319,0.043125755,0.5,0,0.666666667,0.328053356,0.146588856,0.409337224,0.116020564,17.62,23.61,7.87,10.55,3.54,8.35,0,0,0,0,0,0,12.63,16.92,9.36,12.54,0,0,0,0,0,0,2.5,6.88,4.45,10.5
Sevilla,M10 Bermejales,53.49,2,1,0,17.83,22.72666667,10.135,13.58,3.5,8.26,0,0,0.784540921,0.065432791,0.378949336,0,0.135726304,0.32136848,0.045429052,0.5,0,0.666666667,0.337782341,0.142710472,0.39835729,0.121149897,17.19,23.03,7.26,9.73,3.5,8.26,0,0,0,0,0,0,10.45,14,9.82,13.16,0,0,0,0,2.84,7.81,2.43,6.68,0,0
Sevilla,M10 Bermejales,56.91,2,1,0,18.97,23.96,10.855,14.55,3.51,8.28,0,0,0.791736227,0.061676331,0.381479529,0,0.151115797,0.301353014,0.044280443,0.5,0,0.666666667,0.319699499,0.160267112,0.404841402,0.115191987,17.15,22.98,8.6,11.52,3.51,8.28,0,0,0,0,0,0,11.75,15.75,9.96,13.35,0,0,0,0,3.42,9.41,2.52,6.93,0,0
Sevilla,Macarena 40 / Aniceto,53.83,2,1,0,17.94333333,23.04333333,10.02,13.425,4.07,9.61,0,0,0.778677853,0.075608397,0.372283114,0,0.130039012,0.322868289,0.043470184,0.5,0,0.666666667,0.33690149,0.135686388,0.388398669,0.139013453,17.38,23.29,7,9.38,4.07,9.61,0,0,0,0,0,0,12.04,16.13,8,10.72,0,0,0,0,3,8.25,2.34,6.44,0,0
Sevilla,SUNP-AE-1,55.39,2,1,0,18.46333333,23.85333333,10.4,13.935,4.48,10.57,0,0,0.774035774,0.080881025,0.375519047,0,0.144610941,0.301679003,0.077089727,0.5,0,0.666666667,0.312884293,0.149944103,0.389463387,0.147708217,16.71,22.39,8.01,10.73,4.48,10.57,0,0,0,0,0,0,12.08,16.19,8.72,11.68,0,0,0,0,1.12,3.08,4.27,11.74,0,0
Sevilla,San Jeronimo,59.18,2,1,0,19.72666667,24.76333333,9.515,12.75,3.82,9.02,0,0,0.796607888,0.064548834,0.321561338,0,0.226089895,0.275430889,0.05880365,0.5,0,0.666666667,0.293983039,0.24135146,0.343249428,0.121416072,16.3,21.84,13.38,17.93,3.82,9.02,0,0,0,0,0,0,10.33,13.84,8.7,11.66,0,0,0,0,3.17,8.72,3.48,9.57,0,0
Sevilla,Pino Montano ,59.25,2,1,0,19.75,25.51,10.75,14.405,5,11.8,0,0,0.774206194,0.084388186,0.362869198,0,0.124894515,0.32742616,0,0.5,0,0.666666667,0.339736051,0.12962237,0.376453678,0.1541879,19.4,26,7.4,9.92,5,11.8,0,0,0,0,0,0,12.7,17.02,8.8,11.79,0,0,0,0,5.95,16.36,0,0,0,0
Sevilla,Pino Montano Emvisesa,59.85,2,1,0,19.95,24.73,11.75,15.745,3.5,8.26,0,0,0.806712495,0.058479532,0.392648287,0,0.116959064,0.312447786,0.056808688,0.5,0,0.666666667,0.337781372,0.126432134,0.424450735,0.11133576,18.7,25.06,7,9.38,3.5,8.26,0,0,0,0,0,0,14.4,19.3,9.1,12.19,0,0,0,0,3.75,10.31,3.4,9.35,0,0
Sevilla,Coca Cola,64.85,2,1,0,21.61666667,27.94333333,10.45,14,5.8,13.69,0,0,0.773589407,0.089437163,0.32228219,0,0.138010794,0.34695451,0.063222822,0.5,0,0.666666667,0.359656448,0.143027556,0.334009305,0.163306692,22.5,30.15,8.95,11.99,5.8,13.69,0,0,0,0,0,0,11.95,16.01,8.95,11.99,0,0,0,0,2.6,7.15,4.1,11.28,0,0
Sevilla,Coca Cola,49.6,2,1,0,16.53333333,21.46333333,8.375,11.22,4.6,10.86,0,0,0.770305948,0.092741935,0.337701613,0,0.144153226,0.32358871,0.045362903,0.5,0,0.666666667,0.334058084,0.148780867,0.34850132,0.16865973,16.05,21.51,7.15,9.58,4.6,10.86,0,0,0,0,0,0,10.45,14,6.3,8.44,0,0,0,0,2.8,7.7,2.25,6.19,0,0
Sevilla,Torremagna,68,2,2,0,17,22.3875,12.15,16.28,3.5,8.26,0,0,0.759352317,0.102941176,0.357352941,0,0.116176471,0.327941176,0.032352941,1,0,0.5,0.333668342,0.118257956,0.363595757,0.184477945,22.3,29.88,7.9,10.59,3.8,8.97,3.2,7.55,0,0,0,0,15.8,21.17,8.5,11.39,0,0,0,0,4.3,11.83,2.2,6.05,0,0
Sevilla,Pino Montano Emvisesa,59.85,2,1,0,19.95,25.58,11.425,15.31,5.15,12.15,0,0,0.779906177,0.086048454,0.381787803,0,0.11946533,0.304093567,0.056808688,0.5,0,0.666666667,0.317826427,0.124837112,0.399009643,0.158326818,18.2,24.39,7.15,9.58,5.15,12.15,0,0,0,0,0,0,12.7,17.02,10.15,13.6,0,0,0,0,3.1,8.53,3.4,9.35,0,0
Sevilla,SUNP-AE-1,56.24,2,1,0,18.74666667,23.73666667,10.305,13.805,4.66,11,0,0,0.789776717,0.082859175,0.366465149,0,0.124466572,0.30814367,0.101529161,0.5,0,0.666666667,0.326077798,0.131723073,0.387726443,0.154472686,17.33,23.22,7,9.38,4.66,11,0,0,0,0,0,0,12.01,16.09,8.6,11.52,0,0,0,0,0.93,2.56,5.71,15.7,0,0
Sevilla,Palmas Altas Sur,58.5,2,1,0,19.5,24.33666667,10.7,14.34,4.5,10.62,0,0,0.801260101,0.076923077,0.365811966,0,0.141025641,0.288888889,0.084615385,0.5,0,0.666666667,0.310231475,0.151486098,0.392822901,0.145459526,16.9,22.65,8.25,11.06,4.5,10.62,0,0,0,0,0,0,12.05,16.15,9.35,12.53,0,0,0,0,2.5,6.88,4.95,13.61,0,0
Sevilla,Pino Montano Emvisesa,55.05,2,1,0,18.35,22.37,9.3,12.465,3.45,8.14,0,0,0.820295038,0.0626703,0.337874659,0,0.12715713,0.334241599,0.097184378,0.5,0,0.666666667,0.367456415,0.139770526,0.37147966,0.121293399,18.4,24.66,7,9.38,3.45,8.14,0,0,0,0,0,0,10.4,13.94,8.2,10.99,0,0,0,0,2.25,6.19,5.35,14.71,0,0
Sevilla,Pol. Aerpuerto,57.16,2,1,0,19.05333333,23.88333333,10.55,14.135,4.59,10.83,0,0,0.797766923,0.08030091,0.369139258,0,0.133135059,0.291812456,0.070503849,0.5,0,0.666666667,0.311933008,0.142358688,0.394556874,0.151151431,16.68,22.35,7.61,10.2,4.59,10.83,0,0,0,0,0,0,13,17.42,8.1,10.85,0,0,0,0,3.15,8.66,4.03,11.08,0,0
Sevilla,Cisneo Alto,66.74,2,2,0,16.685,22.1375,11.875,15.915,4.145,9.785,0,0,0.753698475,0.124213365,0.355858556,0,0.133802817,0.281540306,0.034462092,1,0,0.5,0.284359119,0.135177866,0.359457933,0.221005082,18.79,25.18,8.93,11.97,4.52,10.67,3.77,8.9,0,0,0,0,14.28,19.14,9.47,12.69,0,0,0,0,2.69,7.4,2.3,6.33,1.99,4.7
Sevilla,San Jeronimo,59.3,2,1,0,19.76666667,24.05333333,9.515,12.75,3.82,9.02,0,0,0.821784922,0.064418212,0.320910624,0,0.175210793,0.298482293,0.058684654,0.5,0,0.666666667,0.328713969,0.192904656,0.353381375,0.125,17.7,23.72,10.39,13.92,3.82,9.02,0,0,0,0,0,0,10.33,13.84,8.7,11.66,0,0,0,0,4.88,13.42,3.48,9.57,0,0
Sevilla,Pino Montano Emvisesa,57.25,2,1,0,19.08333333,22.99666667,11.125,14.905,3.4,8.02,0,0,0.82983041,0.059388646,0.388646288,0,0.123144105,0.282969432,0.083842795,0.5,0,0.666666667,0.314683287,0.136976373,0.432091607,0.116248732,16.2,21.71,7.05,9.45,3.4,8.02,0,0,0,0,0,0,12.8,17.15,9.45,12.66,0,0,0,0,3.55,9.76,4.8,13.2,0,0
Sevilla,Macarena 40 / Aniceto,67.57,2,1,0,22.52333333,27.72666667,12.13,16.255,4.9,11.56,0,0,0.812334696,0.072517389,0.359035075,0,0.156726358,0.27527009,0.066005624,0.5,0,0.666666667,0.299591248,0.170593893,0.390839144,0.138975715,18.6,24.92,10.59,14.19,4.9,11.56,0,0,0,0,0,0,12.51,16.76,11.75,15.75,0,0,0,0,4.76,13.09,4.46,12.27,0,0
Sevilla,Cisneo Alto,66.73,2,1,0,22.24333333,27.18666667,10.835,14.515,4.63,10.93,0,0,0.818170672,0.069384085,0.324741496,0,0.182376742,0.282781358,0.041660423,0.5,0,0.666666667,0.31007847,0.199975478,0.355934282,0.13401177,18.87,25.29,12.17,16.31,4.63,10.93,0,0,0,0,0,0,12.54,16.8,9.13,12.23,0,0,0,0,6.61,18.18,2.78,7.65,0,0
Sevilla,Pino Montano Emvisesa,59.6,2,1,0,19.86666667,24.03333333,10.8,14.475,3.95,9.32,0,0,0.826629681,0.066275168,0.362416107,0,0.119127517,0.304530201,0.083892617,0.5,0,0.666666667,0.337309293,0.131900139,0.401525659,0.12926491,18.15,24.32,7.1,9.51,3.95,9.32,0,0,0,0,0,0,12.2,16.35,9.4,12.6,0,0,0,0,3.8,10.45,5,13.75,0,0
Sevilla,Cros Pirotecnia,61.89,2,1,0,20.63,24.43666667,10.37,13.895,3.88,9.16,0,0,0.844223162,0.062691873,0.33511068,0,0.134916788,0.30344159,0.060268218,0.5,0,0.666666667,0.343336516,0.152639476,0.37907516,0.124948847,18.78,25.17,8.35,11.19,3.88,9.16,0,0,0,0,0,0,10.67,14.3,10.07,13.49,0,0,0,0,4.52,12.43,3.73,10.26,1.89,4.46
Sevilla,Cros Pirotecnia,59.41,2,1,0,19.80333333,23.50666667,10.37,13.895,3.88,9.16,0,0,0.842456041,0.065308871,0.349099478,0,0.105537788,0.316108399,0.062784043,0.5,0,0.666666667,0.356920023,0.119115145,0.394072604,0.129892229,18.78,25.17,6.27,8.4,3.88,9.16,0,0,0,0,0,0,10.67,14.3,10.07,13.49,0,0,0,0,3.82,10.51,3.73,10.26,2.19,5.17
Sevilla,Cros Pirotecnia,63.32,2,1,0,21.10666667,25.04333333,11.53,15.45,4.44,10.48,0,0,0.842805803,0.070120025,0.364181933,0,0.110233733,0.28758686,0.031585597,0.5,0,0.666666667,0.324770398,0.124450952,0.411287102,0.139491548,18.21,24.4,6.98,9.35,4.44,10.48,0,0,0,0,0,0,12.17,16.31,10.89,14.59,0,0,0,0,6.38,17.55,2,5.5,2.25,5.31
Sevilla,Cros Pirotecnia,57.44,2,1,0,19.14666667,22.16,10.02,13.425,3.44,8.12,0,0,0.864019254,0.059888579,0.348885794,0,0.125174095,0.284296657,0.065285515,0.5,0,0.666666667,0.32912154,0.144855596,0.403880866,0.122141998,16.33,21.88,7.19,9.63,3.44,8.12,0,0,0,0,0,0,10.54,14.12,9.5,12.73,0,0,0,0,4.8,13.2,3.75,10.31,1.89,4.46
Sevilla,Pino Montano Emvisesa,57.1,2,1,0,19.03333333,22.42,9.9,13.265,4.2,9.91,0,0,0.848944395,0.073555166,0.34676007,0,0.122591944,0.280210158,0.092819615,0.5,0,0.666666667,0.318763009,0.139458817,0.394439489,0.147338686,16,21.44,7,9.38,4.2,9.91,0,0,0,0,0,0,11.1,14.87,8.7,11.66,0,0,0,0,2.8,7.7,5.3,14.58,2,4.72
Sevilla,Cros Pirotecnia,57.24,2,1,0,19.08,22.08666667,9.14,12.245,3.83,9.04,0,0,0.863869605,0.066911251,0.319357093,0,0.125611461,0.30118798,0.07791754,0.5,0,0.666666667,0.348626622,0.145336553,0.369604588,0.136432237,17.24,23.1,7.19,9.63,3.83,9.04,0,0,0,0,0,0,10.07,13.49,8.21,11,0,0,0,0,4.35,11.96,4.46,12.27,1.89,4.46
Sevilla,Pino Montano Emvisesa,59.45,2,1,0,19.81666667,23.54666667,10.4,13.935,4.55,10.74,0,0,0.841591166,0.076534903,0.349873844,0,0.123633305,0.278385198,0.091673675,0.5,0,0.666666667,0.31398641,0.139439411,0.394535674,0.152038505,16.55,22.18,7.35,9.85,4.55,10.74,0,0,0,0,0,0,11.7,15.68,9.1,12.19,0,0,0,0,4.75,13.06,5.45,14.99,0,0
Sevilla,Cros Pirotecnia,56.27,2,1,0,18.75666667,21.67666667,9.14,12.245,3.83,9.04,0,0,0.865292942,0.068064688,0.324862271,0,0.12777679,0.290030211,0.078372134,0.5,0,0.666666667,0.33630632,0.148085499,0.376595417,0.139012763,16.32,21.87,7.19,9.63,3.83,9.04,0,0,0,0,0,0,10.07,13.49,8.21,11,0,0,0,0,4.35,11.96,4.41,12.13,1.89,4.46
Sevilla,Macarena 40 / Aniceto,68.84,2,2,0,17.21,22.005,11.335,15.185,4.41,10.41,0,0,0.782094978,0.128123184,0.329314352,0,0.118680999,0.28050552,0.071905869,1,0,0.5,0.294024085,0.124403545,0.345035219,0.236537151,19.31,25.88,8.17,10.95,5.19,12.25,3.63,8.57,0,0,0,0,14.45,19.36,8.22,11.01,0,0,0,0,4.92,13.53,4.95,13.61,0,0
Sevilla,Cros Pirotecnia,60.34,2,1,0,20.11333333,22.71333333,9.695,12.99,3.89,9.18,0,0,0.885529792,0.064468015,0.321345708,0,0.115512098,0.292343387,0.090321511,0.5,0,0.666666667,0.346932785,0.137070737,0.381273848,0.13472263,17.64,23.64,6.97,9.34,3.89,9.18,0,0,0,0,0,0,10.41,13.95,8.98,12.03,0,0,0,0,5.11,14.05,5.45,14.99,1.89,4.46
Sevilla,Cros Pirotecnia,66.27,2,1,0,22.09,25.26,10.67,14.3,5.62,13.26,0,0,0.874505146,0.084804587,0.322015995,0,0.117851215,0.264071224,0.086917157,0.5,0,0.666666667,0.309448403,0.138163104,0.377408287,0.174980206,17.5,23.45,7.81,10.47,5.62,13.26,0,0,0,0,0,0,12.23,16.39,9.11,12.21,0,0,0,0,6.35,17.46,5.76,15.84,1.89,4.46
Sevilla,Macarena 40 / Aniceto,78.63,3,1,0,19.6575,25.6775,11.94333333,16.00666667,4.41,10.41,0,0,0.7655535,0.056085464,0.455678494,0,0.139259824,0.281063207,0.029123744,0.333333333,0,0.75,0.288287411,0.142829325,0.467529939,0.101353325,22.1,29.61,10.95,14.67,4.41,10.41,0,0,0,0,0,0,15.87,21.27,11.4,15.28,8.56,11.47,0,0,3.05,8.39,2.29,6.3,0,0
Sevilla,Palmas Altas Sur,77.4,3,1,0,19.35,25.6125,10.58333333,14.18,5.2,12.27,0,0,0.755490483,0.067183463,0.410206718,0,0.145994832,0.313307494,0.063307494,0.333333333,0,0.75,0.317227916,0.147779405,0.41522694,0.119765739,24.25,32.5,11.3,15.14,5.2,12.27,0,0,0,0,0,0,13.5,18.09,9.3,12.46,8.95,11.99,0,0,0,0,4.9,13.48,0,0
Sevilla,Macarena 40 / Aniceto,73.4,3,1,0,18.35,23.6925,12.18,16.32,3.76,8.87,0,0,0.7745067,0.051226158,0.497820163,0,0.108310627,0.267302452,0.037874659,0.333333333,0,0.75,0.277408463,0.112377335,0.516619183,0.09359502,19.62,26.29,7.95,10.65,3.76,8.87,0,0,0,0,0,0,15.97,21.4,10.97,14.7,9.6,12.86,0,0,2.75,7.56,2.78,7.65,0,0
Sevilla,Macarena 40 / Aniceto,80.64,3,1,0,20.16,25.985,12.24666667,16.41333333,4.03,9.51,0,0,0.775832211,0.049975198,0.455605159,0,0.102306548,0.315848214,0.034722222,0.333333333,0,0.75,0.328362517,0.106407543,0.473734847,0.091495093,25.47,34.13,8.25,11.06,4.03,9.51,0,0,0,0,0,0,17.29,23.17,10.4,13.94,9.05,12.13,0,0,3.35,9.21,2.8,7.7,0,0
Sevilla,Aniceto Saenz,71.08,3,1,0,17.77,22.86,11.44,15.33,3.53,8.33,0,0,0.777340332,0.049662352,0.482836241,0,0.113674733,0.276027012,0.039110861,0.333333333,0,0.75,0.287510936,0.11843832,0.502952756,0.091097988,19.62,26.29,8.08,10.83,3.53,8.33,0,0,0,0,0,0,14.53,19.47,10.97,14.7,8.82,11.82,0,0,2.75,7.56,2.78,7.65,0,0
Sevilla,Macarena 40 / Aniceto,67.26,3,1,0,16.815,21.6225,10.67333333,14.3,3.65,8.61,0,0,0.777662157,0.054267023,0.476063039,0,0.109128754,0.278917633,0.047725245,0.333333333,0,0.75,0.290669442,0.113770378,0.4960111,0.099549081,18.76,25.14,7.34,9.84,3.65,8.61,0,0,0,0,0,0,13.19,17.67,10.36,13.88,8.47,11.35,0,0,2.28,6.27,3.21,8.83,0,0
Sevilla,Macarena 40 / Aniceto,71.91,3,1,0,17.9775,23.4725,9.976666667,13.37,4.87,11.49,0,0,0.765896262,0.067723543,0.416214713,0,0.165067445,0.27381449,0.038520373,0.333333333,0,0.75,0.280967089,0.169453616,0.427202045,0.12237725,19.69,26.38,11.87,15.91,4.87,11.49,0,0,0,0,0,0,12.59,16.87,8.84,11.85,8.5,11.39,0,0,2.78,7.65,2.77,7.62,0,0
Sevilla,Macarena 40 / Aniceto,69.37,3,1,0,17.3425,21.9125,10.64,14.25666667,3.44,8.12,0,0,0.79144324,0.04958916,0.460141271,0,0.102926337,0.292489549,0.054202105,0.333333333,0,0.75,0.310211067,0.109184256,0.487963491,0.092641187,20.29,27.19,7.14,9.57,3.44,8.12,0,0,0,0,0,0,12.35,16.55,10.89,14.59,8.68,11.63,0,0,2.82,7.76,3.76,10.34,0,0
Sevilla,Palmas Altas Sur,69.45,3,1,0,17.3625,21.7525,10.55,14.13666667,3.85,9.09,0,0,0.798184117,0.055435565,0.455723542,0,0.102231821,0.279337653,0.069114471,0.333333333,0,0.75,0.298816228,0.109297782,0.48741524,0.10447075,19.4,26,7.1,9.51,3.85,9.09,0,0,0,0,0,0,12.95,17.35,9.35,12.53,9.35,12.53,0,0,0,0,4.8,13.2,2.65,6.25
Sevilla,Macarena 40 / Aniceto,69.75,3,2,0,13.95,19.158,9.983333333,13.37666667,3.9,9.205,0,0,0.72815534,0.111827957,0.429390681,0,0.139928315,0.258637993,0.029964158,0.666666667,0,0.6,0.252322789,0.1365487,0.418937259,0.192191252,18.04,24.17,9.76,13.08,4.61,10.88,3.19,7.53,0,0,0,0,12.92,17.31,8.64,11.58,8.39,11.24,0,0,2.11,5.8,2.09,5.75,0,0
Sevilla,SUNP-AE-1,68.11,3,2,0,13.622,17.94,10.11,13.54666667,2.865,6.76,0,0,0.759308807,0.084128615,0.445309059,0,0.117310233,0.272059903,0.065041844,0.666666667,0,0.6,0.276811594,0.119397993,0.453065775,0.150724638,18.53,24.83,7.99,10.71,3.36,7.93,2.37,5.59,0,0,0,0,12.93,17.33,8.71,11.67,8.69,11.64,0,0,1.1,3.03,4.43,12.18,0,0
Sevilla,Pol. Aerpuerto,67.98,3,2,0,13.596,18.036,9.646666667,12.92666667,3.105,7.325,0,0,0.753825682,0.091350397,0.425713445,0,0.117975875,0.285378052,0.046042954,0.666666667,0,0.6,0.288312264,0.119206032,0.430028831,0.162452872,19.4,26,8.02,10.75,3.56,8.4,2.65,6.25,0,0,0,0,11.94,16,8.94,11.98,8.06,10.8,0,0,2.28,6.27,3.13,8.61,0,0
Sevilla,Pol. Aerpuerto,69.93,3,2,0,13.986,18.406,10.41,13.95,3.085,7.28,0,0,0.759860915,0.088231088,0.446589447,0,0.107107107,0.272987273,0.049478049,0.666666667,0,0.6,0.277952841,0.10909486,0.454743019,0.15820928,19.09,25.58,7.49,10.04,3.52,8.31,2.65,6.25,0,0,0,0,13.13,17.59,9.17,12.29,8.93,11.97,0,0,2.49,6.85,3.46,9.52,0,0
Sevilla,Pol. Aerpuerto,66.76,3,2,0,13.352,17.654,9.723333333,13.03,3.085,7.28,0,0,0.756315849,0.092420611,0.436938286,0,0.111144398,0.275913721,0.049730377,0.666666667,0,0.6,0.279596692,0.11260904,0.442845814,0.164948454,18.42,24.68,7.42,9.94,3.52,8.31,2.65,6.25,0,0,0,0,10.41,13.95,9.86,13.21,8.9,11.93,0,0,2.26,6.22,3.32,9.13,0,0
Sevilla,Cisneo Alto,74.44,3,1,0,18.61,22.8025,11.51666667,15.43333333,3.75,8.85,0,0,0.816138581,0.050376142,0.464132187,0,0.107872112,0.253627082,0.03412144,0.333333333,0,0.75,0.277381866,0.117969521,0.507619779,0.097028835,18.88,25.3,8.03,10.76,3.75,8.85,0,0,0,0,0,0,12.34,16.54,12.08,16.19,10.13,13.57,0,0,4.04,11.11,2.54,6.99,2.65,6.25
Sevilla,Pol. Aerpuerto,66.63,3,2,0,13.326,17.552,9.616666667,12.89,3.015,7.115,0,0,0.759229717,0.090499775,0.432988143,0,0.111361249,0.279153534,0.052078643,0.666666667,0,0.6,0.283956244,0.113263446,0.440633546,0.162146764,18.6,24.92,7.42,9.94,3.58,8.45,2.45,5.78,0,0,0,0,11.61,15.56,8.9,11.93,8.34,11.18,0,0,2.26,6.22,3.47,9.54,0,0
Sevilla,Macarena 40 / Aniceto,70.9,3,1,0,17.725,22.35,10.14333333,13.59333333,4.42,10.43,0,0,0.793064877,0.062341326,0.429196051,0,0.141325811,0.260648801,0.055571227,0.333333333,0,0.75,0.276957494,0.150223714,0.456152125,0.116666667,18.48,24.76,10.02,13.43,4.42,10.43,0,0,0,0,0,0,13.97,18.72,8.46,11.34,8,10.72,0,0,3.61,9.93,3.94,10.84,0,0
Sevilla,Pol. Aerpuerto,68.32,3,2,0,13.664,18.014,9.786666667,13.11333333,3.125,7.375,0,0,0.75852115,0.091481265,0.429742389,0,0.109631148,0.283372365,0.050351288,0.666666667,0,0.6,0.287998224,0.111468858,0.4367714,0.163761519,19.36,25.94,7.49,10.04,3.6,8.5,2.65,6.25,0,0,0,0,11.54,15.46,9.29,12.45,8.53,11.43,0,0,2.42,6.66,3.44,9.46,0,0
Sevilla,Pol. Aerpuerto,66.62,3,2,0,13.324,17.524,9.576666667,12.83,3.085,7.28,0,0,0.760328692,0.09261483,0.431251876,0,0.111377965,0.275893125,0.054938457,0.666666667,0,0.6,0.281100205,0.113444419,0.439283269,0.166172107,18.38,24.63,7.42,9.94,3.52,8.31,2.65,6.25,0,0,0,0,11.59,15.53,9.1,12.19,8.04,10.77,0,0,2.26,6.22,3.66,10.07,0,0
Sevilla,Pino Montano Emvisesa,68.2,3,2,0,13.64,18.066,10.18333333,13.64666667,3.325,7.845,0,0,0.75500941,0.097507331,0.447947214,0,0.10483871,0.263929619,0.053519062,0.666666667,0,0.6,0.267020923,0.106055574,0.453227056,0.173696446,18,24.12,7.15,9.58,3.5,8.26,3.15,7.43,0,0,0,0,12.05,16.15,11.3,15.14,7.2,9.65,0,0,2.2,6.05,3.65,10.04,0,0
Sevilla,Pol. Aerpuerto,67.62,3,2,0,13.524,18.022,9.723333333,13.02666667,3.44,8.115,0,0,0.750416158,0.101745046,0.431381248,0,0.110766046,0.273291925,0.047175392,0.666666667,0,0.6,0.274775275,0.111419376,0.433692154,0.180113195,18.48,24.76,7.49,10.04,4.01,9.46,2.87,6.77,0,0,0,0,13.1,17.55,8.07,10.81,8,10.72,0,0,2.41,6.63,3.19,8.77,0,0
Sevilla,M10 Bermejales,67.95,3,1,1,13.59,17.744,8.593333333,11.51333333,3.82,9.02,2.24,5.29,0.765892696,0.056217807,0.379396615,0.032965416,0.147167035,0.290654893,0.055923473,0.333333333,0.333333333,0.6,0.298354373,0.15103697,0.389314698,0.10166817,19.75,26.47,10,13.4,3.82,9.02,0,0,0,0,2.24,5.29,10.37,13.9,7.72,10.34,7.69,10.3,0,0,2.56,7.04,3.8,10.45,0,0
Sevilla,San Jeronimo,68.84,3,1,1,13.768,17.928,8.97,12.02,3.2,7.55,2.86,6.75,0.767960732,0.046484602,0.39090645,0.041545613,0.142940151,0.28282975,0.057815224,0.333333333,0.333333333,0.6,0.291053101,0.147144132,0.40227577,0.084225792,19.47,26.09,9.84,13.19,3.2,7.55,0,0,0,0,2.86,6.75,11.62,15.57,7.99,10.71,7.3,9.78,0,0,2.58,7.1,3.98,10.95,0,0
Sevilla,Pino Montano Emvisesa,68.95,3,2,0,13.79,17.848,10.43333333,13.98,2.925,6.9,0,0,0.772635589,0.08484409,0.453952139,0,0.101522843,0.261058738,0.062364032,0.666666667,0,0.6,0.270282385,0.105109816,0.469968624,0.154639175,18,24.12,7,9.38,3.45,8.14,2.4,5.66,0,0,0,0,13.15,17.62,9.6,12.86,8.55,11.46,0,0,2.5,6.88,4.3,11.83,0,0
Sevilla,Pino Montano ,70,3,2,0,14,17.892,10.68333333,14.31666667,2.7,6.37,0,0,0.782472613,0.077142857,0.457857143,0,0.1,0.26,0,0.666666667,0,0.6,0.272635815,0.10485133,0.480102839,0.142410016,18.2,24.39,7,9.38,3.4,8.02,2,4.72,0,0,0,0,11.9,15.95,11.5,15.41,8.65,11.59,0,0,7.35,20.21,0,0,0,0
Sevilla,Aniceto Saez,66.78,3,2,0,13.356,17.27,9.776666667,13.10333333,2.855,6.74,0,0,0.773364215,0.085504642,0.439203354,0,0.105121294,0.26984127,0.052111411,0.666666667,0,0.6,0.279675738,0.108975101,0.455240301,0.156108859,18.02,24.15,7.02,9.41,2.86,6.75,2.85,6.73,0,0,0,0,12.31,16.5,8.82,11.82,8.2,10.99,0,0,3.22,8.86,3.48,9.57,0,0
Sevilla,Cisneo Alto,75.3,3,1,0,18.825,23.1125,11.33,15.18333333,4.49,10.6,0,0,0.814494321,0.059628154,0.451394422,0,0.10690571,0.252855246,0.041965471,0.333333333,0,0.75,0.275932937,0.116711736,0.492698756,0.114656571,19.04,25.51,8.05,10.79,4.49,10.6,0,0,0,0,0,0,14.24,19.08,9.97,13.36,9.78,13.11,0,0,3.95,10.86,3.16,8.69,2.62,6.18
Sevilla,Pino Montano ,69.2,3,2,0,13.84,18.066,10.01666667,13.42,3.2,7.55,0,0,0.766079929,0.092485549,0.434248555,0,0.101156069,0.276011561,0,0.666666667,0,0.6,0.283294587,0.10384147,0.445699103,0.16716484,19.1,25.59,7,9.38,3.25,7.67,3.15,7.43,0,0,0,0,11.8,15.81,10.1,13.53,8.15,10.92,0,0,6.65,18.29,0,0,0,0
Sevilla,Macarena 40 / Aniceto,67.91,3,2,0,13.582,18.332,9.806666667,13.14,3.895,9.195,0,0,0.740890247,0.114710646,0.433220439,0,0.103519364,0.268443528,0.046973936,0.666666667,0,0.6,0.266528475,0.102771111,0.430067641,0.200632773,18.23,24.43,7.03,9.42,4.58,10.81,3.21,7.58,0,0,0,0,12.01,16.09,8.87,11.89,8.54,11.44,0,0,2.25,6.19,3.19,8.77,0,0
Sevilla,M10 Bermejales,69.8,3,1,1,13.96,18.354,9.186666667,12.31,4.41,10.41,2.4,5.66,0.760597145,0.063180516,0.394842407,0.034383954,0.143266476,0.271203438,0.056733524,0.333333333,0.333333333,0.6,0.276452,0.146017217,0.402419091,0.113435763,18.93,25.37,10,13.4,4.41,10.41,0,0,0,0,2.4,5.66,10.91,14.62,8.5,11.39,8.15,10.92,0,0,2.54,6.99,3.96,10.89,0,0
Sevilla,Macarena 40 / Aniceto,69.94,3,2,0,13.988,18.284,10.52333333,14.1,3.28,7.74,0,0,0.765040473,0.093794681,0.451386903,0,0.100371747,0.258507292,0.049899914,0.666666667,0,0.6,0.265040473,0.102931525,0.462699628,0.169328375,18.08,24.23,7.02,9.41,3.76,8.87,2.8,6.61,0,0,0,0,13.76,18.44,9.59,12.85,8.22,11.01,0,0,3.22,8.86,3.49,9.6,0,0
Sevilla,M10 Bermejales,63.38,3,1,1,12.676,16.49,8.283333333,11.1,3.6,8.5,2.18,5.14,0.768708308,0.056800252,0.39207952,0.034395708,0.124329441,0.293783528,0.058220259,0.333333333,0.333333333,0.6,0.302607641,0.128077623,0.40388114,0.103092784,18.62,24.95,7.88,10.56,3.6,8.5,0,0,0,0,2.18,5.14,10.11,13.55,7.38,9.89,7.36,9.86,0,0,2.56,7.04,3.69,10.15,0,0
Sevilla,Cisneo Alto,80.11,3,1,0,20.0275,25.9875,10.53333333,14.11333333,7.27,17.16,0,0,0.770658971,0.090750218,0.394457621,0,0.128198727,0.285856947,0.048183747,0.333333333,0,0.75,0.295238095,0.132371332,0.407311207,0.165079365,22.9,30.69,10.27,13.76,7.27,17.16,0,0,0,0,0,0,14.59,19.55,8.71,11.67,8.3,11.12,0,0,4.21,11.58,3.86,10.62,0,0
Sevilla,M10 Bermejales,64.19,3,1,1,12.838,16.782,8.313333333,11.14,3.75,8.85,2.4,5.66,0.764986295,0.058420315,0.38853404,0.037389001,0.128213117,0.290076336,0.05748559,0.333333333,0.333333333,0.6,0.297342391,0.131450363,0.398283876,0.105470147,18.62,24.95,8.23,11.03,3.75,8.85,0,0,0,0,2.4,5.66,10.2,13.67,7.38,9.89,7.36,9.86,0,0,2.56,7.04,3.69,10.15,0,0
Sevilla,M10 Bermejales,65.27,3,1,1,13.054,16.884,8.36,11.20333333,3.67,8.66,2.18,5.14,0.773158019,0.056227976,0.384250038,0.033399724,0.129002605,0.294162709,0.056994025,0.333333333,0.333333333,0.6,0.304785596,0.133617626,0.398128406,0.102582326,19.2,25.73,8.42,11.28,3.67,8.66,0,0,0,0,2.18,5.14,10.28,13.78,7.41,9.93,7.39,9.9,0,0,3,8.25,3.72,10.23,0,0
Sevilla,Cisneo Alto,84.49,3,1,0,21.1225,26.4425,11.62666667,15.58333333,6.33,14.94,0,0,0.798808736,0.074920109,0.412829921,0,0.096342762,0.292934075,0.051011954,0.333333333,0,0.75,0.313604992,0.103148341,0.441996785,0.141249882,24.75,33.17,8.14,10.91,6.33,14.94,0,0,0,0,0,0,12.87,17.25,11.23,15.05,10.78,14.45,0,0,3.36,9.24,4.31,11.85,2.72,6.42
Sevilla,SUNP-AE-1,69.11,3,2,0,13.822,17.762,9.593333333,12.85666667,2.975,7.025,0,0,0.778178133,0.086094632,0.416437563,0,0.108233251,0.282592968,0.088409782,0.666666667,0,0.6,0.294674023,0.112825132,0.434297939,0.158202905,19.53,26.17,7.48,10.02,3.57,8.43,2.38,5.62,0,0,0,0,12.4,16.62,8.21,11,8.17,10.95,0,0,1.26,3.47,6.11,16.8,0,0
Sevilla,M10 Bermejales,66.55,3,1,1,13.31,17.112,8.276666667,11.09333333,3.6,8.5,2.18,5.14,0.777816737,0.054094666,0.37310293,0.032757325,0.150563486,0.282644628,0.055447032,0.333333333,0.333333333,0.6,0.294647031,0.156965872,0.388966807,0.099345489,18.81,25.21,10.02,13.43,3.6,8.5,0,0,0,0,2.18,5.14,10.11,13.55,7.38,9.89,7.34,9.84,0,0,3.42,9.41,3.69,10.15,0,0
Sevilla,Cisneo Alto,74.28,3,1,0,18.57,22.49,11.08666667,14.85666667,4.3,10.15,0,0,0.825700311,0.057889068,0.447765213,0,0.105277329,0.248788368,0.069466882,0.333333333,0,0.75,0.275233437,0.116496221,0.495442419,0.112827924,18.48,24.76,7.82,10.48,4.3,10.15,0,0,0,0,0,0,15.73,21.08,9.51,12.74,8.02,10.75,0,0,2.72,7.48,5.16,14.19,2.54,5.99
Sevilla,SUNP-AE-1,67.95,3,2,0,13.59,17.49,9.606666667,12.87333333,3.045,7.19,0,0,0.777015437,0.089624724,0.424135394,0,0.111405445,0.266961001,0.089183223,0.666666667,0,0.6,0.277987421,0.115951973,0.441623785,0.164436821,18.14,24.31,7.57,10.14,3.57,8.43,2.52,5.95,0,0,0,0,12.44,16.67,8.26,11.07,8.12,10.88,0,0,1.27,3.49,6.06,16.67,0,0
Sevilla,SUNP-AE-1,66.75,3,2,0,13.35,17.074,9.403333333,12.6,2.865,6.76,0,0,0.781890594,0.085842697,0.422621723,0,0.108764045,0.271910112,0.093632959,0.666666667,0,0.6,0.284877592,0.113974464,0.442778494,0.158369451,18.15,24.32,7.26,9.73,3.36,7.93,2.37,5.59,0,0,0,0,12.12,16.24,8.09,10.84,8,10.72,0,0,1.15,3.16,6.25,17.19,0,0
Sevilla,Macarena 40 / Aniceto,78.48,3,1,0,19.62,24.31,11.89,15.93,5.19,12.25,0,0,0.807075278,0.066131498,0.454510703,0,0.105122324,0.248598369,0.063073394,0.333333333,0,0.75,0.268819416,0.113739202,0.491464418,0.125976964,19.51,26.14,8.25,11.06,5.19,12.25,0,0,0,0,0,0,14.45,19.36,13,17.42,8.22,11.01,0,0,4.91,13.5,4.95,13.61,0,0
Sevilla,SUNP-AE-1,69.99,3,2,0,13.998,18.176,9.596666667,12.86,3.4,8.025,0,0,0.770136444,0.097156737,0.411344478,0,0.101300186,0.285183598,0.088298328,0.666666667,0,0.6,0.29434419,0.104533451,0.424515845,0.176606514,19.96,26.75,7.09,9.5,3.92,9.25,2.88,6.8,0,0,0,0,12,16.08,8.41,11.27,8.38,11.23,0,0,1.17,3.22,6.18,17,0,0
Sevilla,Pino Montano Emvisesa,69.75,3,2,0,13.95,17.962,10.21666667,13.69333333,3.2,7.55,0,0,0.776639572,0.091756272,0.439426523,0,0.101792115,0.258064516,0.06953405,0.666666667,0,0.6,0.268566975,0.105890213,0.457410088,0.168132725,18,24.12,7.1,9.51,4.15,9.79,2.25,5.31,0,0,0,0,11.75,15.75,9.75,13.07,9.15,12.26,0,0,2.75,7.56,4.85,13.34,0,0
Sevilla,Cisneo Alto,72.15,3,1,0,18.0375,22.3075,10.36,13.88333333,4.79,11.3,0,0,0.808584557,0.066389466,0.430769231,0,0.109078309,0.266112266,0.076507277,0.333333333,0,0.75,0.288355934,0.118233778,0.466771265,0.126639023,19.2,25.73,7.87,10.55,4.79,11.3,0,0,0,0,0,0,12.7,17.02,9.46,12.68,8.92,11.95,0,0,3.69,10.15,5.52,15.18,0,0
Sevilla,Pino Montano ,70,3,2,0,14,17.978,10,13.4,3.175,7.495,0,0,0.778729558,0.090714286,0.428571429,0,0.108571429,0.261428571,0.071428571,0.666666667,0,0.6,0.27277784,0.113249527,0.447213261,0.166759373,18.3,24.52,7.6,10.18,3.75,8.85,2.6,6.14,0,0,0,0,10.9,14.61,10.45,14,8.65,11.59,0,0,2.75,7.56,5,13.75,0,0
Sevilla,SUNP-AE-1,68.54,3,2,0,13.708,17.862,9.46,12.67666667,3.46,8.165,0,0,0.767439257,0.100962941,0.41406478,0,0.110738255,0.269769478,0.086372921,0.666666667,0,0.6,0.277460531,0.113873027,0.425820177,0.182846266,18.49,24.78,7.59,10.17,3.78,8.92,3.14,7.41,0,0,0,0,12.03,16.12,8.25,11.06,8.1,10.85,0,0,1.24,3.41,5.92,16.28,0,0
Sevilla,San Jeronimo,67.84,3,2,0,13.568,17.586,9.2,12.33,3.31,7.815,0,0,0.771522802,0.097582547,0.406839623,0,0.117334906,0.271079009,0.059699292,0.666666667,0,0.6,0.280222905,0.121346526,0.420675537,0.177755032,18.39,24.64,7.96,10.67,3.52,8.31,3.1,7.32,0,0,0,0,11.76,15.76,8.64,11.58,7.2,9.65,0,0,3.22,8.86,4.05,11.14,0,0
Sevilla,San Jeronimo,68.77,3,2,0,13.754,17.812,9.34,12.51666667,3.35,7.905,0,0,0.772176061,0.097426203,0.407445107,0,0.123891232,0.263486986,0.058601134,0.666666667,0,0.6,0.272625196,0.128228161,0.42162587,0.177520773,18.12,24.28,8.52,11.42,3.52,8.31,3.18,7.5,0,0,0,0,11.93,15.99,8.89,11.91,7.2,9.65,0,0,3.38,9.3,4.03,11.08,0,0
Sevilla,Pol. Aerpuerto,76.38,3,2,0,15.276,20.31,10.68,14.31,4.39,10.36,0,0,0.752141802,0.114951558,0.41948154,0,0.106965174,0.263288819,0.040324692,0.666666667,0,0.6,0.265386509,0.107828656,0.422747415,0.20403742,20.11,26.95,8.17,10.95,4.48,10.57,4.3,10.15,0,0,0,0,13.8,18.49,9.48,12.7,8.76,11.74,0,0,4.2,11.55,3.08,8.47,0,0
Sevilla,Pino Montano Emvisesa,69.95,3,2,0,13.99,17.878,10.21666667,13.69,3.125,7.375,0,0,0.78252601,0.089349535,0.438170122,0,0.100786276,0.257326662,0.080057184,0.666666667,0,0.6,0.26982884,0.105716523,0.459447365,0.165007272,18,24.12,7.05,9.45,3.95,9.32,2.3,5.43,0,0,0,0,11.8,15.81,9.75,13.07,9.1,12.19,0,0,2.4,6.6,5.6,15.4,0,0
Sevilla,SUNP-AE-1,68.35,3,2,0,13.67,17.702,9.58,12.83333333,3.37,7.955,0,0,0.772229127,0.098610095,0.420482809,0,0.106217996,0.266130212,0.091733723,0.666666667,0,0.6,0.27533612,0.109931081,0.434979098,0.1797537,18.19,24.37,7.26,9.73,3.38,7.98,3.36,7.93,0,0,0,0,12.6,16.88,8.13,10.89,8.01,10.73,0,0,1.15,3.16,6.27,17.24,0,0
Sevilla,Pol. Aerpuerto,78.51,3,2,0,15.702,21.25,11.80333333,15.81666667,5.04,11.895,0,0,0.738917647,0.128391288,0.451025347,0,0.100751497,0.232072347,0.049929945,0.666666667,0,0.6,0.229741176,0.099764706,0.446588235,0.223905882,18.22,24.41,7.91,10.6,6.19,14.61,3.89,9.18,0,0,0,0,16.37,21.94,10.51,14.08,8.53,11.43,0,0,2.97,8.17,3.92,10.78,0,0
Sevilla,Pino Montano Emvisesa,70,3,2,0,14,17.86,10.15,13.6,3.15,7.435,0,0,0.78387458,0.09,0.435,0,0.1,0.258571429,0.080714286,0.666666667,0,0.6,0.271556551,0.105039194,0.456886898,0.166517357,18.1,24.25,7,9.38,3.95,9.32,2.35,5.55,0,0,0,0,11.7,15.68,9.65,12.93,9.1,12.19,0,0,2.5,6.88,5.65,15.54,0,0
Sevilla,Pino Montano ,70,3,2,0,14,17.742,10.08333333,13.51333333,3.05,7.2,0,0,0.78908804,0.087142857,0.432142857,0,0.102857143,0.257142857,0,0.666666667,0,0.6,0.271897193,0.108781423,0.456994702,0.162326682,18,24.12,7.2,9.65,3.8,8.97,2.3,5.43,0,0,0,0,11.35,15.21,10,13.4,8.9,11.93,0,0,8.45,23.24,0,0,0,0
Sevilla,Cisneo Alto,77.78,3,1,0,19.445,23.61,11.23,15.04666667,5.38,12.7,0,0,0.823591698,0.069169452,0.433144767,0,0.106454101,0.244664438,0.057212651,0.333333333,0,0.75,0.270012706,0.117534943,0.477975434,0.134476917,19.03,25.5,8.28,11.1,5.38,12.7,0,0,0,0,0,0,14.83,19.87,9.69,12.98,9.17,12.29,0,0,3.4,9.35,4.45,12.24,3.55,8.38
Sevilla,Pino Montano Emvisesa,69.85,3,2,0,13.97,18.218,9.883333333,13.24333333,3.725,8.795,0,0,0.76682402,0.106657122,0.424481031,0,0.100214746,0.260558339,0.076592699,0.666666667,0,0.6,0.267757163,0.10297508,0.436162038,0.19310572,18.2,24.39,7,9.38,3.85,9.09,3.6,8.5,0,0,0,0,10.8,14.47,9.45,12.66,9.4,12.6,0,0,2.2,6.05,5.35,14.71,0,0
Sevilla,Pino Montano Emvisesa,69.3,3,2,0,13.86,17.722,9.8,13.13,3.275,7.725,0,0,0.782078772,0.094516595,0.424242424,0,0.101010101,0.262626263,0.081529582,0.666666667,0,0.6,0.2752511,0.105857127,0.44453222,0.174359553,18.2,24.39,7,9.38,4.15,9.79,2.4,5.66,0,0,0,0,11,14.74,9.6,12.86,8.8,11.79,0,0,2.5,6.88,5.65,15.54,0,0
Sevilla,Torreblanca / Alberchigo,69.94,3,1,1,13.988,18.424,9.596666667,12.86333333,5.1,12.04,2.92,6.89,0.759227095,0.072919645,0.411638547,0.041750071,0.110523306,0.258650272,0,0.333333333,0.333333333,0.6,0.263135041,0.112462006,0.418910117,0.130699088,18.09,24.24,7.73,10.36,5.1,12.04,0,0,0,0,2.92,6.89,12.05,16.15,8.37,11.22,8.37,11.22,0,0,7.31,20.1,0,0,0,0
Sevilla,Cisneo Alto,75.9,3,1,0,18.975,23.7475,9.996666667,13.39666667,6.35,14.99,0,0,0.799031477,0.083662714,0.395125165,0,0.113965744,0.277470356,0.0828722,0.333333333,0,0.75,0.297083904,0.122012843,0.423097168,0.157806085,21.06,28.22,8.65,11.59,6.35,14.99,0,0,0,0,0,0,12.55,16.82,8.75,11.73,8.69,11.64,0,0,3.56,9.79,6.29,17.3,0,0
Sevilla,SUNP-AE-1,69.05,3,2,0,13.81,17.664,9.59,12.85,3.43,8.095,0,0,0.781816123,0.099348298,0.416654598,0,0.10166546,0.261259957,0.103982621,0.666666667,0,0.6,0.273663949,0.106544384,0.436480978,0.183310688,18.04,24.17,7.02,9.41,3.92,9.25,2.94,6.94,0,0,0,0,12.01,16.09,8.38,11.23,8.38,11.23,0,0,1.18,3.25,7.18,19.75,0,0
Sevilla,SUNP-AE-1,68.87,3,2,0,13.774,17.572,9.453333333,12.66666667,3.365,7.94,0,0,0.783860687,0.097720343,0.41179033,0,0.106432409,0.26179759,0.104254392,0.666666667,0,0.6,0.274982927,0.111768723,0.43250626,0.18074209,18.03,24.16,7.33,9.82,4.69,11.07,2.04,4.81,0,0,0,0,12.36,16.56,8,10.72,8,10.72,0,0,1.24,3.41,7.18,19.75,0,0
Sevilla,Pino Montano Emvisesa,68.65,3,2,0,13.73,17.556,9.266666667,12.41666667,3.425,8.08,0,0,0.782068808,0.0997815,0.404952658,0,0.104151493,0.269482884,0.055353241,0.666666667,0,0.6,0.282410572,0.109136478,0.424356345,0.184096605,18.5,24.79,7.15,9.58,3.95,9.32,2.9,6.84,0,0,0,0,12.45,16.68,8.05,10.79,7.3,9.78,0,0,4.55,12.51,3.8,10.45,0,0
Sevilla,SUNP-AE-1,70,3,2,0,14,18.138,9.59,12.85,3.865,9.12,0,0,0.771860183,0.110428571,0.411,0,0.101,0.260428571,0.100714286,0.666666667,0,0.6,0.269379204,0.104421656,0.425074429,0.201124711,18.23,24.43,7.07,9.47,3.92,9.25,3.81,8.99,0,0,0,0,12.13,16.25,8.5,11.39,8.14,10.91,0,0,1.15,3.16,7.05,19.39,0,0
Sevilla,Coca Cola,75.95,3,2,0,15.19,20.132,8.983333333,12.04,4.775,11.265,0,0,0.754520167,0.125740619,0.35483871,0,0.136273864,0.276497696,0.046741277,0.666666667,0,0.6,0.279554937,0.137790582,0.358831711,0.22382277,21,28.14,10.35,13.87,4.9,11.56,4.65,10.97,0,0,0,0,12.55,16.82,8,10.72,6.4,8.58,0,0,4.55,12.51,3.55,9.76,0,0
Sevilla,Pino Montano Emvisesa,69.4,3,2,0,13.88,17.746,9.333333333,12.50666667,3.625,8.555,0,0,0.78214809,0.104466859,0.403458213,0,0.100864553,0.265850144,0.091498559,0.666666667,0,0.6,0.278597994,0.105713964,0.422855855,0.192832188,18.45,24.72,7,9.38,3.9,9.2,3.35,7.91,0,0,0,0,11.45,15.34,9.15,12.26,7.4,9.92,0,0,2.35,6.46,6.35,17.46,0,0
Sevilla,Pino Montano Emvisesa,67.2,3,2,0,13.44,17.124,8.683333333,11.63666667,3.475,8.2,0,0,0.78486335,0.103422619,0.38764881,0,0.104910714,0.276041667,0.063244048,0.666666667,0,0.6,0.290352721,0.110371409,0.407731838,0.191544032,18.55,24.86,7.05,9.45,3.8,8.97,3.15,7.43,0,0,0,0,10.65,14.27,7.7,10.32,7.7,10.32,0,0,4.35,11.96,4.25,11.69,0,0
Sevilla,San Jeronimo,67.5,3,2,0,13.5,17.372,8.493333333,11.38333333,3.705,8.745,0,0,0.777112595,0.109777778,0.377481481,0,0.117925926,0.271407407,0.076148148,0.666666667,0,0.6,0.282638729,0.122841354,0.393161409,0.201358508,18.32,24.55,7.96,10.67,3.52,8.31,3.89,9.18,0,0,0,0,11.24,15.06,7.28,9.76,6.96,9.33,0,0,3.19,8.77,5.14,14.14,0,0
Sevilla,Torremagna,85.7,3,1,0,21.425,24.915,11.63333333,15.58666667,4.3,10.15,0,0,0.859923741,0.050175029,0.407234539,0,0.110851809,0.261376896,0.096849475,0.333333333,0,0.75,0.301224162,0.127734297,0.469195264,0.101846277,22.4,30.02,9.5,12.73,4.3,10.15,0,0,0,0,0,0,15.6,20.9,10.3,13.8,9,12.06,0,0,6.3,17.33,8.3,22.83,0,0
Sevilla,Macarena 40 / Aniceto,74.66,3,1,0,18.665,22.2825,10.35333333,13.87,5.07,11.97,0,0,0.837652867,0.067907849,0.416019287,0,0.11117064,0.244173587,0.103803911,0.333333333,0,0.75,0.27409402,0.124761584,0.46684618,0.134298216,18.23,24.43,8.3,11.12,5.07,11.97,0,0,0,0,0,0,13.63,18.26,8.83,11.83,8.6,11.52,0,0,4.25,11.69,7.75,21.31,0,0
Sevilla,SUNP-AE-1,69.99,3,2,0,13.998,17.54,9.386666667,12.57666667,3.43,8.095,0,0,0.798061574,0.098014002,0.402343192,0,0.102157451,0.258036862,0.122017431,0.666666667,0,0.6,0.275940707,0.109236032,0.430216648,0.184606613,18.06,24.2,7.15,9.58,3.92,9.25,2.94,6.94,0,0,0,0,12.07,16.17,8.08,10.83,8.01,10.73,0,0,1.22,3.36,8.54,23.49,0,0
Sevilla,Macarena 40 / Aniceto,81.05,3,1,0,20.2625,23.1025,10.16666667,13.62,3.44,8.12,0,0,0.877069581,0.042442936,0.376310919,0,0.152621838,0.247254781,0.081924738,0.333333333,0,0.75,0.29055297,0.179417812,0.442159939,0.087869278,20.04,26.85,12.37,16.58,3.44,8.12,0,0,0,0,0,0,12.3,16.48,10.19,13.65,8.01,10.73,0,0,8.06,22.17,6.64,18.26,0,0
Sevilla,Pol. Aerpuerto,78.11,3,2,0,15.622,20.038,10.59333333,14.19333333,4.765,11.245,0,0,0.779618724,0.122007425,0.406862118,0,0.102035591,0.233516835,0.053770324,0.666666667,0,0.6,0.243936521,0.106597465,0.424992514,0.2244735,18.24,24.44,7.97,10.68,4.94,11.66,4.59,10.83,0,0,0,0,12.65,16.95,10.62,14.23,8.51,11.4,0,0,6.39,17.57,4.2,11.55,0,0
Sevilla,Palmas Altas Sur,85.9,4,1,0,17.18,21.408,9.9875,13.3825,3.85,9.09,0,0,0.802503737,0.044819558,0.465075669,0,0.108265425,0.277648428,0.071594878,0.25,0,0.8,0.29857997,0.116405082,0.500093423,0.084921525,23.85,31.96,9.3,12.46,3.85,9.09,0,0,0,0,0,0,13.3,17.82,8.95,11.99,8.95,11.99,8.75,11.73,0,0,6.15,16.91,2.8,6.61
Sevilla,San Jeronimo,78.97,4,1,0,15.794,19.494,9.0525,12.1325,3.76,8.87,0,0,0.81019801,0.047613018,0.458528555,0,0.119539065,0.259085729,0.065974421,0.25,0,0.8,0.281317328,0.129783523,0.497896789,0.09100236,20.46,27.42,9.44,12.65,3.76,8.87,0,0,0,0,0,0,10.53,14.11,9.75,13.07,8.03,10.76,7.9,10.59,3.89,10.7,5.21,14.33,0,0
Sevilla,Pino Montano Emvisesa,85.95,4,2,0,14.325,18.91666667,10.55,14.1375,3.975,9.38,0,0,0.757268722,0.092495637,0.49098313,0,0.093077371,0.238510762,0.039557882,0.5,0,0.666666667,0.242026432,0.094449339,0.498237885,0.165286344,20.5,27.47,8,10.72,4.3,10.15,3.65,8.61,0,0,0,0,14.7,19.7,10.4,13.94,8.6,11.52,8.5,11.39,3.9,10.73,3.4,9.35,0,0
Sevilla,M10 Bermejales,80.68,4,1,0,16.136,19.978,8.85,11.8575,4.16,9.82,0,0,0.807688457,0.051561725,0.438770451,0,0.136960833,0.257436787,0.081432821,0.25,0,0.8,0.278606467,0.148263089,0.474822305,0.098308139,20.77,27.83,11.05,14.81,4.16,9.82,0,0,0,0,0,0,12,16.08,8.6,11.52,7.44,9.97,7.36,9.86,2.73,7.51,6.57,18.07,0,0
Sevilla,Navalcerrada - Palmas Altas,100.2,4,3,0,14.31428571,19.12142857,11.275,15.11,3.366666667,7.943333333,0,0,0.748599178,0.100798403,0.4500998,0,0.110778443,0.258483034,0.02994012,0.75,0,0.571428571,0.259320134,0.111094509,0.451550243,0.178035114,25.9,34.71,11.1,14.87,4,9.44,3.7,8.73,2.4,5.66,0,0,13.3,17.82,13,17.42,9.4,12.6,9.4,12.6,5,13.75,3,8.25,0,0
Sevilla,M10 Bermejales,79.01,4,1,0,15.802,19.576,8.85,11.8575,4.16,9.82,0,0,0.807212914,0.052651563,0.448044551,0,0.118972282,0.264776611,0.083154031,0.25,0,0.8,0.286371067,0.128729056,0.484572946,0.100326931,20.92,28.03,9.4,12.6,4.16,9.82,0,0,0,0,0,0,12,16.08,8.6,11.52,7.44,9.97,7.36,9.86,2.56,7.04,6.57,18.07,0,0
Sevilla,Cisneo Alto,91.46,4,2,0,15.24333333,20.37666667,10.165,13.62,5.005,11.815,0,0,0.748077867,0.109446753,0.44456593,0,0.094358189,0.265908594,0.051388585,0.5,0,0.666666667,0.266563062,0.094552593,0.445607721,0.193276624,24.32,32.59,8.63,11.56,5.35,12.63,4.66,11,0,0,0,0,14.65,19.63,8.94,11.98,8.56,11.47,8.51,11.4,0,0,4.7,12.93,3.14,7.41
Sevilla,M10 Bermejales,82.24,4,1,0,16.448,20.21,8.85,11.8575,4.16,9.82,0,0,0.813854527,0.050583658,0.430447471,0,0.139956226,0.257538911,0.079888132,0.25,0,0.8,0.280851064,0.152597724,0.469371598,0.097179614,21.18,28.38,11.51,15.42,4.16,9.82,0,0,0,0,0,0,12,16.08,8.6,11.52,7.44,9.97,7.36,9.86,3.42,9.41,6.57,18.07,0,0
Sevilla,Pino Montano Emvisesa,83.6,4,2,0,13.93333333,17.87166667,10.3125,13.8175,3.3,7.79,0,0,0.779632566,0.078947368,0.493421053,0,0.083732057,0.241028708,0.072966507,0.5,0,0.666666667,0.251795207,0.08747552,0.515434114,0.14529516,20.15,27,7,9.38,3.5,8.26,3.1,7.32,0,0,0,0,13.2,17.69,10.95,14.67,8.95,11.99,8.15,10.92,2.5,6.88,6.1,16.78,0,0
Sevilla,San Jeronimo,82.34,4,1,0,16.468,19.98,9.2525,12.4,3.79,8.94,0,0,0.824224224,0.046028662,0.449477775,0,0.125819772,0.249089143,0.063274229,0.25,0,0.8,0.275075075,0.138938939,0.496496496,0.089489489,20.51,27.48,10.36,13.88,3.79,8.94,0,0,0,0,0,0,10.55,14.14,10.53,14.11,8.03,10.76,7.9,10.59,5.46,15.02,5.21,14.33,0,0
Sevilla,SUNP-AE-1,79.26,4,1,0,15.852,19.542,9.5,12.7325,4.57,10.79,0,0,0.811175929,0.05765834,0.479434772,0,0.0888216,0.250063084,0.109891496,0.25,0,0.8,0.271824788,0.096510081,0.521236312,0.11042882,19.82,26.56,7.04,9.43,4.57,10.79,0,0,0,0,0,0,13.93,18.67,8.05,10.79,8.02,10.75,8,10.72,1.12,3.08,8.71,23.95,0,0
Sevilla,Pino Montano Emvisesa,89.45,4,2,0,14.90833333,19.38666667,10.4125,13.955,4.2,9.915,0,0,0.768999312,0.093907211,0.465623253,0,0.106763555,0.232532141,0.06372275,0.5,0,0.666666667,0.239597662,0.110041265,0.479883081,0.170477992,20.8,27.87,9.55,12.8,5.35,12.63,3.05,7.2,0,0,0,0,12.35,16.55,10.75,14.41,10.2,13.67,8.35,11.19,3.35,9.21,5.7,15.68,0,0
Sevilla,Pino Montano Emvisesa,82.55,4,2,0,13.75833333,17.31333333,9.2375,12.38,3.325,7.85,0,0,0.794666923,0.080557238,0.447607511,0,0.105390672,0.244094488,0.073288916,0.5,0,0.666666667,0.259915287,0.112244898,0.476703889,0.151135926,20.15,27,8.7,11.66,3.55,8.38,3.1,7.32,0,0,0,0,12.8,17.15,8.65,11.59,7.75,10.39,7.75,10.39,4.05,11.14,6.05,16.64,0,0
Sevilla,Torremagna,95.4,4,2,1,13.62857143,17.43857143,10.425,13.97,3.5,8.26,1.8,4.25,0.781518801,0.073375262,0.437106918,0.018867925,0.095387841,0.259958071,0.115303983,0.5,0.25,0.571428571,0.272220857,0.099860736,0.457770132,0.135332186,24.8,33.23,9.1,12.19,3.6,8.5,3.4,8.02,0,0,1.8,4.25,14.2,19.03,10.1,13.53,8.7,11.66,8.7,11.66,0,0,11,30.25,0,0
Sevilla,Cisneo Alto,91.51,4,2,0,15.25166667,19.55333333,9.54,12.785,4.545,10.725,0,0,0.780003409,0.099333406,0.417003606,0,0.118784832,0.245984045,0.064910939,0.5,0,0.666666667,0.257074668,0.124190249,0.435901807,0.182833277,22.51,30.16,10.87,14.57,4.67,11.02,4.42,10.43,0,0,0,0,12.45,16.68,8.81,11.81,8.47,11.35,8.43,11.3,2.47,6.79,5.94,16.34,2.47,5.83
Sevilla,Pino Montano Emvisesa,90,4,2,0,15,18.75,10.075,13.5025,3.975,9.38,0,0,0.8,0.088333333,0.447777778,0,0.094444444,0.235,0.068888889,0.5,0,0.666666667,0.251911111,0.101244444,0.480088889,0.166755556,21.15,28.34,8.5,11.39,4.15,9.79,3.8,8.97,0,0,0,0,13.2,17.69,10.7,14.34,9.4,12.6,7,9.38,5.9,16.23,6.2,17.05,0,0
Sevilla,Pol. Aerpuerto,89.32,4,2,0,14.88666667,18.49166667,9.815,13.15,3.78,8.92,0,0,0.805047319,0.084639498,0.439543215,0,0.086878639,0.251567398,0.072884013,0.5,0,0.666666667,0.271383506,0.093735917,0.474087427,0.16079315,22.47,30.11,7.76,10.4,3.95,9.32,3.61,8.52,0,0,0,0,12.06,16.16,9.18,12.3,9.16,12.27,8.86,11.87,5.76,15.84,6.51,17.9,0,0
Sevilla,Pino Montano ,90,4,2,0,15,18.79166667,10.05,13.4675,4.3,10.145,0,0,0.798226164,0.095555556,0.446666667,0,0.08,0.24,0,0.5,0,0.666666667,0.256674058,0.085587583,0.477782705,0.179955654,21.6,28.94,7.2,9.65,4.4,10.38,4.2,9.91,0,0,0,0,13.15,17.62,11.6,15.54,8.2,10.99,7.25,9.72,12.4,34.1,0,0,0,0
Sevilla,Pino Montano Emvisesa,90.95,4,2,0,15.15833333,18.375,10.5875,14.19,3.625,8.555,0,0,0.824943311,0.079714129,0.465640462,0,0.076965366,0.221550302,0.092358439,0.5,0,0.666666667,0.244897959,0.085079365,0.514829932,0.155192744,20.15,27,7,9.38,3.9,9.2,3.35,7.91,0,0,0,0,12.7,17.02,11.75,15.75,10.85,14.54,7.05,9.45,3.7,10.18,8.4,23.1,2.1,4.96
Sevilla,Torremagna,100.3,4,2,0,16.71666667,19.51833333,10.8,14.47,3.55,8.375,0,0,0.856459739,0.070787637,0.430707876,0,0.088733799,0.227318046,0.036889332,0.5,0,0.666666667,0.260865853,0.101870037,0.494236188,0.143027922,22.8,30.55,8.9,11.93,3.9,9.2,3.2,7.55,0,0,0,0,15.6,20.9,9.3,12.46,9.3,12.46,9,12.06,5.4,14.85,3.7,10.18,9.2,21.71
Sevilla,Altos del Aire - Insur,98,4,2,0,16.33333333,19.47666667,10.7175,14.3625,3.6,8.495,0,0,0.838610303,0.073469388,0.43744898,0,0.094081633,0.228979592,0.032959184,0.5,0,0.666666667,0.257316447,0.105682013,0.491613897,0.145387643,22.44,30.07,9.22,12.35,3.84,9.06,3.36,7.93,0,0,0,0,13.05,17.49,10.12,13.56,10.03,13.44,9.67,12.96,9.5,26.13,3.23,8.88,3.54,8.35
Sevilla,Torremagna,94.8,4,2,0,15.8,19.90666667,10.275,13.77,4.95,11.68,0,0,0.793703952,0.10443038,0.433544304,0,0.0907173,0.232067511,0.139240506,0.5,0,0.666666667,0.246818486,0.0964501,0.461152043,0.19557937,22,29.48,8.6,11.52,5.5,12.98,4.4,10.38,0,0,0,0,15.4,20.64,8.9,11.93,8.8,11.79,8,10.72,0,0,13.2,36.3,0,0
Sevilla,Pino Montano Emvisesa,89.85,4,2,0,14.975,18.22666667,9.7,13,4.175,9.85,0,0,0.821598391,0.092932666,0.431830829,0,0.084028937,0.228714524,0.093489149,0.5,0,0.666666667,0.251828822,0.092538405,0.475493782,0.18013899,20.55,27.54,7.55,10.12,4.2,9.91,4.15,9.79,0,0,0,0,11.85,15.88,9.4,12.6,9.15,12.26,8.4,11.26,3.7,10.18,8.4,23.1,2.5,5.9
Teruel,Las Dalias,76.95,2,2,0,19.2375,24.2425,12.225,16.38,4.05,9.56,0,0,0.793544395,0.105263158,0.317738791,0,0.151397011,0.285899935,0.071474984,1,0,0.5,0.30401155,0.160977622,0.337836444,0.197174384,22,29.48,11.65,15.61,4.25,10.03,3.85,9.09,0,0,0,0,12.95,17.35,11.5,15.41,0,0,0,0,5.25,14.44,5.5,15.13,0,0
Teruel,Las Dalias,90.1,3,2,0,18.02,23.476,12.03333333,16.12666667,4.2,9.915,0,0,0.767592435,0.093229745,0.400665927,0,0.139844617,0.267480577,0.014983352,0.666666667,0,0.6,0.275089453,0.143806441,0.412165616,0.16893849,24.1,32.29,12.6,16.88,4.3,10.15,4.1,9.68,0,0,0,0,15.75,21.11,10.35,13.87,10,13.4,0,0,7.55,20.76,1.35,3.71,0,0
Teruel,Las Dalias,92.2,3,2,0,18.44,23.792,11.83333333,15.86,4.05,9.56,0,0,0.775050437,0.087852495,0.385032538,0,0.14154013,0.281453362,0.014099783,0.666666667,0,0.6,0.29228312,0.14702421,0.399966375,0.160726295,25.95,34.77,13.05,17.49,4.1,9.68,4,9.44,0,0,0,0,15.25,20.44,10.25,13.74,10,13.4,0,0,8.3,22.83,1.3,3.58,0,0
Teruel,Las Dalias,95.55,3,2,0,19.11,24.684,12.31666667,16.50666667,4.3,10.15,0,0,0.774185707,0.090005233,0.38670853,0,0.13762428,0.28100471,0.013605442,0.666666667,0,0.6,0.291524874,0.142764544,0.401231567,0.164479015,26.85,35.98,13.15,17.62,4.5,10.62,4.1,9.68,0,0,0,0,16.7,22.38,10.35,13.87,9.9,13.27,0,0,8.7,23.93,1.3,3.58,0,0
Teruel,Las Dalias,107.4,4,2,0,17.9,22.76,11.575,15.5125,4.1,9.68,0,0,0.786467487,0.076350093,0.431098696,0,0.128026071,0.255121043,0.012104283,0.5,0,0.666666667,0.268892794,0.134958992,0.454379028,0.141769186,27.4,36.72,13.75,18.43,4.1,9.68,4.1,9.68,0,0,0,0,16.55,22.18,10.35,13.87,10,13.4,9.4,12.6,10.45,28.74,1.3,3.58,0,0
Teruel,Las Dalias,110.5,4,2,0,18.41666667,22.94666667,11.525,15.4475,4.125,9.735,0,0,0.802585706,0.074660633,0.41719457,0,0.161538462,0.219457014,0.033484163,0.5,0,0.666666667,0.236054619,0.1737362,0.448794306,0.141414875,24.25,32.5,17.85,23.92,4.65,10.97,3.6,8.5,0,0,0,0,15.55,20.84,11.25,15.08,10.25,13.74,9.05,12.13,10.35,28.46,3.7,10.18,0,0
Teruel,Las Dalias,115.3,4,2,0,19.21666667,23.31666667,11.825,15.845,4.2,9.915,0,0,0.824160114,0.072853426,0.410234172,0,0.1452732,0.221595837,0.115351258,0.5,0,0.666666667,0.244746247,0.160471766,0.453037884,0.141744103,25.55,34.24,16.75,22.45,4.55,10.74,3.85,9.09,0,0,0,0,16.7,22.38,10.3,13.8,10.3,13.8,10,13.4,4,11,13.3,36.58,0,0
Valladolid,Resid. Castilla,68.1,2,1,0,22.7,27.53333333,12.625,16.915,4.4,10.38,0,0,0.824455206,0.064610866,0.370778267,0,0.13876652,0.281938326,0.014684288,0.5,0,0.666666667,0.311501211,0.153268765,0.409564165,0.12566586,19.2,25.73,9.45,12.66,4.4,10.38,0,0,0,0,0,0,15.1,20.23,10.15,13.6,0,0,0,0,7.55,20.76,1,2.75,1.25,2.95
Valladolid,Resid. Castilla,84.9,3,1,0,21.225,26.3925,12.86666667,17.24,4.25,10.03,0,0,0.80420574,0.050058893,0.454652532,0,0.121319199,0.263839812,0.073027091,0.333333333,0,0.75,0.284361087,0.130718954,0.489911907,0.095008052,22.4,30.02,10.3,13.8,4.25,10.03,0,0,0,0,0,0,15.95,21.37,12.6,16.88,10.05,13.47,0,0,3.15,8.66,6.2,17.05,0,0
Valladolid,Resid. Castilla,78.35,3,1,0,19.5875,23.2125,10.95,14.67666667,4.05,9.56,0,0,0.843834141,0.05169113,0.419272495,0,0.123803446,0.250159541,0.044671347,0.333333333,0,0.75,0.282821756,0.14001077,0.474205708,0.102961766,19.6,26.26,9.7,13,4.05,9.56,0,0,0,0,0,0,13.55,18.16,9.75,13.07,9.55,12.8,0,0,7.25,19.94,3.5,9.63,1.4,3.3
Valladolid,Resid. Castilla,100.05,4,2,0,16.675,22.24333333,12.025,16.1125,4.5,10.62,0,0,0.74966282,0.089955022,0.48075962,0,0.12043978,0.235882059,0,0.5,0,0.666666667,0.236924921,0.12101004,0.48291623,0.159148809,23.6,31.62,12.05,16.15,4.85,11.45,4.15,9.79,0,0,0,0,15.6,20.9,12.25,16.42,10.3,13.8,9.95,13.33,7.3,20.08,0,0,0,0
Zaragoza,Adarve,87.8,3,2,1,14.63333333,19.055,12.3,16.48666667,3.75,8.85,1.45,3.42,0.767952418,0.085421412,0.420273349,0.016514806,0.124715262,0.24715262,0.044419134,0.666666667,0.333333333,0.5,0.254351439,0.128312779,0.432607365,0.154815009,21.7,29.08,10.95,14.67,3.8,8.97,3.7,8.73,0,0,1.45,3.42,15.9,21.31,10.75,14.41,10.25,13.74,0,0,5.4,14.85,3.9,10.73,0,0
Zaragoza,Adarve,86.2,3,2,1,14.36666667,18.77333333,11.61666667,15.57,3.975,9.38,1.45,3.42,0.765269886,0.092227378,0.404292343,0.016821346,0.127030162,0.251740139,0.045243619,0.666666667,0.333333333,0.5,0.258167614,0.130237926,0.414683949,0.166548295,21.7,29.08,10.95,14.67,4.25,10.03,3.7,8.73,0,0,1.45,3.42,13.85,18.56,10.75,14.41,10.25,13.74,0,0,5.4,14.85,3.9,10.73,0,0
Zaragoza,Adarve,89.8,3,2,1,14.96666667,18.77,11.61666667,15.56666667,4.225,9.97,1.4,3.3,0.797371692,0.094097996,0.388084633,0.0155902,0.115256125,0.239420935,0.076280624,0.666666667,0.333333333,0.5,0.255816018,0.123157521,0.414668798,0.177055585,21.5,28.81,10.35,13.87,4.8,11.33,3.65,8.61,0,0,1.4,3.3,14.8,19.83,10.05,13.47,10,13.4,0,0,6.4,17.6,6.85,18.84,0,0
